:0400000085EF00F098
:10000800F87BF87BF87BF87BF87BF87BF87BF87B50
:10001800F87BF87BF87BF87BF87BF87BF87BF87B40
:10002800F87BF87BF87BF87BF87BF87BF87BF87B30
:10003800F87BF87BF87BF87BF87BF87BF87B867796
:10004800F87BF87BF87BF87BF87BF87BF87BF87B10
:10005800F87BF87BF87BF87BF87BF87BF87BF87B00
:10006800F87BF87BF87BF87BF87BF87BF87BF87BF0
:10007800F87BF87BF87BF87B4200F87BF87BF87B11
:10008800F87BF87BF87BF87BF87BF87BF87BF87BD0
:100098001B78F87BF87BF87B4200727BF87BF87B57
:1000A800F87BF87BF87BF87BF87BF87BF87BF87BB0
:1000B800F87BF87BF87BF87BF87BF87BF87BF87BA0
:1000C800F87BF87BF87BF87BF87BF87BF87BF87B90
:1000D800F87BF87BF87BF87BF87BF87BF87BF87B80
:1000E8004200F87BF87BF87BF87BF87BF87BF87BA1
:1000F800F87BF87BF87BF87BF87BF87BF87BF87B60
:06010800FF0033EFE9F0F7
:10F3FC00001F001C001F001E001F001E001F001F0E
:10F40C00001E001F001E001F00819FE0FC407E803C
:10F41C00FC0000576172726E696E6721205345546F
:10F42C0020495251204F46462E20436865636B207D
:10F43C0062696E6172727920636F646520616E64BB
:10F44C002025732066696C652E0D0A0053442043F9
:10F45C006172643A20726561643531323A204352EC
:10F46C0043206572726F7220282530347820213D3C
:10F47C0020253034782C2072657472793D256429EE
:10F48C000A0D00496D6167652066696C65202573FE
:10F49C002F445249564525632E44534B2069732003
:10F4AC0061737369676E656420746F20647269762A
:10F4BC00652025630A0D006469736B5F696F637463
:10F4CC006C3A20706472763D25642C20636D643D2B
:10F4DC0025642C20627566663D3078256C783A2060
:10F4EC007265733D25640A0D0053442043617264B8
:10F4FC003A2020726561643531323A20616464725D
:10F50C003D25386C642C206F6666733D25642C2079
:10F51C00636F756E743D25640A0D0053442043617E
:10F52C0072643A2077726974653531323A206164BD
:10F53C0064723D25386C642C206F6666733D2564BF
:10F54C002C20636F756E743D25640A0D00534420A6
:10F55C00436172643A2077726974653531323A20AE
:10F56C006661696C656420746F2067657420746FC4
:10F57C006B656E2C2074696D656F75740A0D005384
:10F58C004420436172643A20777269746535313274
:10F59C003A2074696D656F75742C20726573706F89
:10F5AC006E736520697320253032780A0D00534440
:10F5BC0020436172643A20434D4435382C20523339
:10F5CC003D25303278202530327820253032782095
:10F5DC002530327820253032780A0D0025733A20F8
:10F5EC004552524F523A20636C6F636B20737065B7
:10F5FC006564202564206973206E6F7420737570A8
:10F60C00706F727465640A0D005344204361726418
:10F61C003A20434D44382C2052373D253032782047
:10F62C00253032782025303278202530327820254C
:10F63C003032780A0D006469736B5F696F63746CA8
:10F64C003A20706472763D25642C20636D643D25F0
:10F65C00643A204E6F742068616E646C65642E0A87
:10F66C000D006469736B5F726561643A202070648D
:10F67C0072763D25642C20736563746F723D256C26
:10F68C00642C20636F756E743D25640A0D006469EB
:10F69C00736B5F77726974653A20706472763D257E
:10F6AC00642C20736563746F723D256C642C20632D
:10F6BC006F756E743D25640A0D005365747570206A
:10F6CC0044533133303720525443206D6F64756C82
:10F6DC006520666F7220636C6F636B20646576695E
:10F6EC0063652E0D0A00534420436172643A204333
:10F6FC0043532028436172642043617061636974D1
:10F70C0079205374617475732920697320300A0D44
:10F71C0000534420436172643A20777269746535F2
:10F72C0031323A20435243206572726F7220287234
:10F73C00657472793D2564290A0D00534420436198
:10F74C0072643A204361726420706F776572207521
:10F75C0070207374617475732062697320697320EF
:10F76C00300A0D0072656164204D42522070617246
:10F77C00746974696F6E207461626C6520617420A9
:10F78C00736563746F7220300A0D0053442043611B
:10F79C0072643A2053444843206F722053445843B8
:10F7AC0020636172642064657465637465640A0D1A
:10F7BC000025733A204552524F523A206D6F6465C2
:10F7CC00202564206973206E6F7420737570706FC0
:10F7DC00727465640A0D004C6F6164202573203AC5
:10F7EC0020416472203D202530366C782C205369E2
:10F7FC007A65203D20253034780D0A00534420438F
:10F80C006172643A20696E697469616C697A652009
:10F81C002E2E2E207375636365656465640A0D0076
:10F82C00534420436172643A20756E657870656349
:10F83C0074656420726573706F6E73652025303249
:10F84C00780A0D00534420436172643A2041434DC1
:10F85C0044343120726573706F6E73652069732048
:10F86C00253032780A0D00534420436172643A20EB
:10F87C0077726974653531323A20746F6B656E201E
:10F88C00697320253032780A0D005344204361728D
:10F89C00643A20434D44353920726573706F6E7332
:10F8AC006520697320253032780A0D004D656D6F27
:10F8BC00727920303030303030202D202530366CAD
:10F8CC005848202564204B42204F4B0D0A00706194
:10F8DC0072746974696F6E207374617274732061D1
:10F8EC007420736563746F7220256C640A0D005369
:10F8FC00657475702074696D65723020666F722046
:10F90C00636C6F636B206465766963652E0D0A000A
:10F91C00665F777269746528293A204552524F52B6
:10F92C00207265733D25642C206E3D25640A0D0004
:10F93C00665F7265616428293A204552524F522005
:10F94C007265733D25642C206E3D25640A0D00669E
:10F95C0061696C656420746F2077726974652073BB
:10F96C006563746F7220256C640A0D000D0A536573
:10F97C0074204461746528253034642F253032643A
:10F98C002F25303264290D0A00554E4B4E4F574EE1
:10F99C0020444556494345203A20434D44282530C0
:10F9AC003278290D0A006661696C656420746F20D9
:10F9BC007265616420736563746F7220256C640AD0
:10F9CC000D000A0D534420436172643A20696E693C
:10F9DC007469616C697A65202E2E2E0A0D005344D1
:10F9EC0020436172643A2041434D4434312C2052FF
:10F9FC00313D253032780A0D005365742054696D01
:10FA0C006528253032643A253032643A2530326428
:10FA1C00290D0A0050726F6772616D2046696C6522
:10FA2C00204C6F6164204572726F722E0D0A004675
:10FA3C0061696C656420746F206D6F756E742053F2
:10FA4C004420436172642E0A0D00554E4B4E4F57A5
:10FA5C004E20756E696D6F6E20434D4428253032F3
:10FA6C0078290D0A006661696C656420746F2072D8
:10FA7C0065616420736563746F7220300A0D0046F3
:10FA8C0061696C656420746F206F70656E205344DF
:10FA9C0020436172642E0A0D004D455A38365F5270
:10FAAC00414D204669726D776172652052657631E1
:10FABC002E33000A4D656D6F7279206572726F720C
:10FACC00206174202530366C58480A0D0064697327
:10FADC006B5F696E697469616C697A652825642944
:10FAEC002E2E2E0A0D00534420436172643A206E70
:10FAFC006F74207375706F70727465640A0D0053A7
:10FB0C004420436172643A20434D44302C205231DE
:10FB1C003D253032780A0D00202020202020202086
:10FB2C002020202020202020202020202020200DDC
:10FB3C00007761697420666F722070726F677261F2
:10FB4C006D6D6572202E2E2E0D00445331333037DF
:10FB5C00205769746520493243206572726F722197
:10FB6C000D0A004E6F202573206469726563746FF3
:10FB7C00727920666F756E642E0D0A00333A546FDD
:10FB8C00796F7368696B692054696E79204261736F
:10FB9C0069630A0D002573253533732043484543AB
:10FBAC004B53554D3A20253032780A0D004D656D7A
:10FBBC006F727920303030303030202D20253036A7
:10FBCC006C58480D004932432062757320697320CC
:10FBDC006E6F742065786973742E0A0D00706879E5
:10FBEC00736963616C2064726976657220213D20B3
:10FBFC00300A0D00353A47414D452D4320496E746E
:10FC0C0065727072657465720A0D004461746520CA
:10FC1C00253034642F253032642F25303264203D5A
:10FC2C00200054696D6520253032643A25303264E9
:10FC3C003A25303264203D20000A4D656D6F727993
:10FC4C0020777261702061726F756E642E0A0D00E0
:10FC5C00323A38303836204E4153434F4D204241D2
:10FC6C005349430A0D00313A556E697665727361DA
:10FC7C006C204D6F6E69746F720A0D00665F6C7349
:10FC8C0065656B28293A204552524F522025640A4B
:10FC9C000D006E6F204641543332207061727469CE
:10FCAC0074696F6E0A0D00434C4B203D2025642C6B
:10FCBC0020495251203D2025640D0A00303A544F02
:10FCCC00442854696D65204F6620446179290A0DDA
:10FCDC0000665F73796E6328293A204552524F5261
:10FCEC002025640A0D004E6F2064726976652041F0
:10FCFC0020666F756E642E0A0D006E6F204D425299
:10FD0C00207369676E61747572650A0D0053442027
:10FD1C00436172643A2074696D656F75740A0D00E5
:10FD2C0046696C652072656164206572726F722120
:10FD3C000D0A00342E39324D487A206475747920BE
:10FD4C0033382E342500392E31344D487A206475E1
:10FD5C0074792034322E3925004453313330372016
:10FD6C00525443206D6F64756C6520006E6F207665
:10FD7C00616C696420766F6C756D650A0D00534477
:10FD8C0020436172643A2072656164792E0A0D0019
:10FD9C00536574206465627567206D6F64652E0D04
:10FDAC000A0031302E36374D487A2064757479202C
:10FDBC00353025005350495F53445F636F6E66695D
:10FDCC0067757265002573206E6F7420666F756E93
:10FDDC00642E2E0D0A0031322E384D487A2064756F
:10FDEC0074792036302500384D487A206475747942
:10FDFC002033372E3525006973206E6F742065789B
:10FE0C006973742E0D0A002A2B2C3A3B3C3D3E5B49
:10FE1C005D7C223F7F0043505520636C6F636B20E9
:10FE2C0025730D0A0031364D487A2064757479209B
:10FE3C003530250025732F445249564525632E44F1
:10FE4C00534B004E6F20534420436172643F0A0DA4
:10FE5C000054545F42415338362E42494E00554DA2
:10FE6C004F4E5F5338362E42494E00424153494360
:10FE7C005F38362E42494E004343505F42444F5345
:10FE8C002E42494E00363A43502F4D2D38360A0D2E
:10FE9C00000A0D53656C6563743A0A0D00426F617C
:10FEAC0072643A2025730A0D0044657465637420EE
:10FEBC0025730A0D00474D495F5338362E42494E83
:10FECC000056544C5F5338362E42494E00373A4D4B
:10FEDC00532D444F530A0D00554E494D4F4E5F4F15
:10FEEC00464600554E494D4F4E5F534547004C6FAB
:10FEFC0061642025730D0A00343A56544C2D430A84
:10FF0C000D004342494F535F4F464600494F5359EA
:10FF1C00535F4F464600494F5359535F5345470073
:10FF2C004D455A38362E434647004342494F532ECF
:10FF3C0042494E004D53444F532E5359530065784C
:10FF4C00697374732E0D0A004641543332202020FD
:10FF5C000025732530366C783A0041504C495F4F80
:10FF6C0046460041504C495F5345470043504D4471
:10FF7C0049534B5300444F534449534B530025733F
:10FF8C00253034783A0043504D5F4F46460043507D
:10FF9C004D5F53454700286E756C6C2900494E54D3
:10FFAC0056454300494F2E53595300202530327883
:10FFBC00006661743A200025732F25730062756604
:10FFCC003A200053443A2000303A2F2F0045584530
:10FFDC00430052443A200057523A2000494E460002
:10FFEC004E614E00434C4B00495251004F56003F5E
:03FFFC00200000E2
:020000040001F9
:10000000F3C5D9F4F4C5DAF4DE6ADD6AF1C504F5A6
:10001000F2C505F57DECC9F004C585F605C586F683
:10002000060186BF18EF80F016EF80F01BEF80F01E
:100030000B0EBCEF85F0D8908535D96E8635DA6E1B
:100040001D0ED926070EDA22DEC4A0F6DDC4A1F605
:10005000A051A111D8A42FEF80F031EF80F034EF40
:1000600080F00C0EBCEF85F0F3C5D9F4F4C5DAF4DA
:10007000A0C6DEF4A1C6DDF40501F591A0C6D9F451
:10008000A1C6DAF4DF50D8B448EF80F04AEF80F030
:1000900074EF80F0060120EE01F0A051D926A151A5
:1000A000DA22DF50ADECF4F00601956F95B15BEF0D
:1000B00080F05DEF80F074EF80F00501F551D8B469
:1000C00064EF80F066EF80F071EF80F0060195A597
:1000D0006CEF80F06EEF80F071EF80F00A0EBCEFF5
:1000E00085F0000EBCEF85F0A0C6D9F4A1C6DAF405
:1000F000DF6A060120EE01F0A051D926A151DA22D3
:10010000DF5012ECC7F00601956F95A18AEF80F0E1
:100110008CEF80F08FEF80F0030EBCEF85F00501CF
:10012000F551D8B496EF80F098EF80F0A2EF80F010
:10013000060195A59EEF80F0A0EF80F0A2EF80F081
:100140006EEF80F0A0C6D3F5A1C6D4F50501D66B3D
:10015000000ED56FFFECC0F0D3C59EF6D4C59FF658
:10016000040E06019E199F11D8A4B9EF80F0BBEFD1
:1001700080F0BEEF80F0010EBCEF85F09F5109E1E9
:10018000020E9E5DD8A0C7EF80F0C9EF80F0CCEFE3
:1001900080F00D0EBCEF85F020EE2CF0A051D9269A
:1001A000A151DA22DEC491F6DEC492F6DEC493F6E3
:1001B000DEC494F63B0EA025046E000EA121056E50
:1001C00081ECF5F0020E05180410D8B4EAEF80F0C7
:1001D000ECEF80F0EEEF80F0C9EF80F0460E060104
:1001E000A025046E000EA121056E81ECF5F004C57A
:1001F0009AF605C59BF606019C6B9D6B9A519B1167
:100200009C119D11D8A407EF81F009EF81F019EF3F
:1002100081F0540EA025046E000EA121056EDAECCB
:10022000E5F004C59AF605C59BF606C59CF607C51C
:100230009DF6060120EE18F0A051D926A151DA2230
:100240009AC6DEF49BC6DEF49CC6DEF49DC6DEF4E0
:1002500020EE40F0A051D926A151DA2210EE03F091
:10026000A051E126A151E222DFC4E7F420EE03F021
:10027000A051D926A151DA22DE04D8B442EF81F090
:1002800044EF81F055EF81F020EE03F0A051D92624
:10029000A151DA22020EDE18D8B451EF81F053EFEB
:1002A00081F055EF81F0C9EF80F09AC604F59BC646
:1002B00005F59CC606F59DC607F520EE03F0A05196
:1002C000D926A151DA22DF500501F66FF651086EEA
:1002D000096A0A6A0B6AA5ECF0F004C59AF605C52E
:1002E0009BF606C59CF607C59DF6060120EE3DF07F
:1002F000A051D926A151DA22DF500501F66FF76B24
:10030000060120EE0AF0A051D926A151DA22F6C545
:10031000DEF4F7C5DDF420EE0AF0A051D926A15194
:10032000DA22DE50DE10D8B498EF81F09AEF81F037
:10033000C9EF80F020EE0AF0A051D926A151DA22AF
:10034000DEC4F6F5DDC4F7F520EE0AF0A051D9269B
:10035000A151DA22DEC4F8F5DDC4F9F5FF0E05017E
:10036000F825FA6FFF0EF921FB6FF651FA15FC6FB5
:10037000F751FB15FD6FFC51FD11D8B4C2EF81F0B0
:10038000C4EF81F0C6EF81F0C9EF80F0410E0601A5
:10039000A025046E000EA121056E81ECF5F006018A
:1003A00020EE08F0A051D926A151DA2204C5DEF4CE
:1003B00005C5DDF420EE08F0A051D926A151DA22BE
:1003C000DEC4F6F5DDC4F7F50F0E0501F617000ED5
:1003D000F717F651F711D8B4F0EF81F0F2EF81F092
:1003E000F4EF81F0C9EF80F0430E0601A025046E02
:1003F000000EA121056E81ECF5F004C58DF605C552
:100400008EF606018F6B906B8D518E118F119011AE
:10041000D8A40DEF82F00FEF82F01FEF82F0500EA4
:10042000A025046E000EA121056EDAECE5F004C5EE
:100430008DF605C58EF606C58FF607C590F63E0EFD
:100440000601A025046E000EA121056E81ECF5F0D9
:1004500004C58BF605C58CF606018B518C11D8A40A
:1004600034EF82F036EF82F038EF82F0C9EF80F09F
:1004700020EE08F0A051D926A151DA22DEC4F6F50B
:10048000DDC4F7F5040E0501F86FD890F733F633A5
:10049000F82F45EF82F006018B510501F625F96F23
:1004A00006018C510501F721FA6FFB6BD8B0FB2BCD
:1004B000FC6B06019A510501F9250601876F9B51D6
:1004C0000501FA210601886F9C510501FB210601F7
:1004D000896F9D510501FC2106018A6F87518D5D51
:1004E00088518E5989518F598A519059D8B07BEFD4
:1004F00082F07DEF82F07FEF82F0C9EF80F08751CC
:100500008D5D046E88518E59056E89518F59066E26
:100510008A519059076E20EE0AF0A051D926A151B8
:10052000DA22DEC4F6F5DDC4F7F5F6C508F5F7C541
:1005300009F50A6A0B6A3FECE8F004C596F605C5B2
:1005400097F606C598F607C599F6060196519711D4
:1005500098119911D8A4AFEF82F0B1EF82F0B3EF08
:1005600082F0C9EF80F09F6B000E9E6FF60E965DD5
:10057000FF0E9759FF0E98590F0E9959D8B0C3EF37
:1005800082F0C5EF82F0C8EF82F09F6B030E9E6F82
:100590009951981109E1F60E965DFF0E9759D8B062
:1005A000D4EF82F0D6EF82F0D9EF82F09F6B020E8B
:1005B0009E6F9951981109E1F60E965D0F0E9759AD
:1005C000D8B0E5EF82F0E7EF82F0EAEF82F09F6BC0
:1005D000010E9E6F9E519F11D8A4F1EF82F0F3EFB0
:1005E00082F0F5EF82F0C9EF80F0020E962505014A
:1005F000F66F000E060197210501F76F000E060148
:1006000098210501F86F000E060199210501F96F87
:10061000060120EE14F0A051D926A151DA22F6C528
:10062000DEF4F7C5DEF4F8C5DEF4F9C5DEF420EE3D
:100630001CF0A051D926A151DA2291C6DEF492C64F
:10064000DEF493C6DEF494C6DEF48B5191250501E9
:10065000F66F06018C5192210501F76F000E06011D
:1006600093210501F86F000E060194210501F96F31
:10067000060120EE20F0A051D926A151DA22F6C5BC
:10068000DEF4F7C5DEF4F8C5DEF4F9C5DEF4875113
:1006900091250501F66F0601885192210501F76F3A
:1006A0000601895193210501F86F06018A519421B1
:1006B0000501F96F060120EE28F0A051D926A151BD
:1006C000DA22F6C5DEF4F7C5DEF4F8C5DEF4F9C5C6
:1006D000DEF4030E9E199F11D8A471EF83F073EF1F
:1006E00083F0D1EF83F05A0EA025046E000EA121F5
:1006F000056E81ECF5F004500510D8B482EF83F05C
:1007000084EF83F086EF83F0C9EF80F0060120EEDE
:1007100008F0A051D926A151DA22DE50DE10D8B45B
:1007200094EF83F096EF83F098EF83F0C9EF80F0B9
:100730005C0EA025046E000EA121056EDAECE5F03A
:10074000060120EE24F0A051D926A151DA2204C5D9
:10075000DEF405C5DEF406C5DEF407C5DEF420EEE2
:1007600014F0A051D926A151DA22DEC4F6F5DEC478
:10077000F7F5DEC4F8F5DEC4F9F5020ED8900501F0
:10078000F637F737F837F937E82EBEEF83F0F6C5BE
:1007900081F6F7C582F6F8C583F6F9C584F68AEFC7
:1007A00084F020EE08F0A051D926A151DA22DE50C3
:1007B000DE10D8A4DEEF83F0E0EF83F0E2EF83F009
:1007C000C9EF80F020EE20F0A051D926A151DA2205
:1007D000DEC4F6F5DEC4F7F5DEC4F8F5DEC4F9F5DF
:1007E0009A510501F625FA6F06019B510501F72183
:1007F000FB6F06019C510501F821FC6F06019D511C
:100800000501F921FD6F060120EE24F0A051D92643
:10081000A151DA22FAC5DEF4FBC5DEF4FCC5DEF434
:10082000FDC5DEF4020E9E199F11D8B41AEF84F0B4
:100830001CEF84F06BEF84F020EE14F0A051D92669
:10084000A151DA22DEC4F6F5DEC4F7F5DEC4F8F510
:10085000DEC4F9F5010E0501F615FA6F000EF71565
:10086000FB6F000EF815FC6F000EF915FD6F060109
:1008700020EE14F0A051D926A151DA22DEC404F5ED
:10088000DEC405F5DEC406F5DEC407F5030E086E0A
:10089000000E096E000E0A6E000E0B6EA5ECF0F055
:1008A000D89007320632053204320501FA51042489
:1008B0000601816F0501FB5105200601826F0501CC
:1008C000FC5106200601836F0501FD51072006013A
:1008D000846F8AEF84F020EE14F0A051D926A15144
:1008E000DA22DEC4F6F5DEC4F7F5DEC4F8F5DEC4C0
:1008F000F9F5D8900501F6350601816F0501F73548
:100900000601826F0501F8350601836F0501F9358F
:100910000601846FFF0E060181250501F66F010EA9
:10092000060182210501F76F000E060183210501F2
:10093000F86F000E060184210501F96F0A0EA6EF7B
:1009400084F0D890F933F833F733F633E82EA1EF7B
:1009500084F0060120EE18F0A051D926A151DA2228
:100960000501F651DE5CF751DE58F851DE58F951B9
:10097000DE58D8B0BEEF84F0C0EF84F0C2EF84F050
:10098000C9EF80F0060120EE10F0A051D926A15148
:10099000DA22FF0EDE6EFF0EDE6EFF0EDE6EFF0E43
:1009A000DD6E82E910EE0CF0A051E126A151E222A9
:1009B000DEC4E6F4DEC4E6F4DEC4E6F4DEC4E6F447
:1009C00020EE05F0A051D926A151DA22800EDF6E6B
:1009D000030E9E199F11D8A4F0EF84F0F2EF84F07B
:1009E000A6EF85F0600EA025046E000EA121056E15
:1009F00081ECF5F004040510D8A401EF85F003EFB5
:100A000085F0A6EF85F0A0C6BAF5A1C6BBF5010E2C
:100A1000060191250501BC6F000E0601922105011A
:100A2000BD6F000E060193210501BE6F000E060189
:100A300094210501BF6FF3ECE3F00009D8A423EF84
:100A400085F025EF85F0A6EF85F0060120EE05F094
:100A5000A051D926A151DA22DF6A2E0EA025046EFC
:100A6000020EA121056E81ECF5F0550E041807E188
:100A7000AA0E0518D8A43FEF85F041EF85F0A6EF48
:100A800085F0300E0601A025046E000EA121056E32
:100A9000DAECE5F0520E04180DE1520E05180AE1E9
:100AA000610E061807E1410E0718D8A45AEF85F029
:100AB0005CEF85F0A6EF85F0140E0601A025046E0C
:100AC000020EA121056EDAECE5F0720E04180DE1BC
:100AD000720E05180AE1410E061807E1610E0718AB
:100AE000D8A475EF85F077EF85F0A6EF85F0180EA6
:100AF0000601A025046E020EA121056EDAECE5F0D8
:100B0000060120EE10F0A051D926A151DA2204C529
:100B1000DEF405C5DEF406C5DEF407C5DEF41C0E02
:100B2000A025046E020EA121056EDAECE5F00601A7
:100B300020EE0CF0A051D926A151DA2204C5DEF432
:100B400005C5DEF406C5DEF407C5DEF4A0C6D9F49B
:100B5000A1C6DAF49EC6DFF407011B4B1C2B06016D
:100B600020EE06F0A051D926A151DA221BC7DEF4EF
:100B70001CC7DDF471EF80F0120011C61CF612C61E
:100B80001DF615C6D9F416C6DAF4DE6ADD6A0FC69C
:100B900061F510C662F52C0E0501636F060E646FD9
:100BA000DBECDAF006011B6F1B51D8A4DAEF85F0FD
:100BB000DCEF85F0ECEF85F020EE0FF00F51D92639
:100BC0001051DA22DF501B6F1B51D8B4EAEF85F0C9
:100BD000ECEF85F0EFEF85F01B513FEF8AF020EE50
:100BE0000EF00F51D9261051DA22DFB2FAEF85F05C
:100BF000FCEF85F0FFEF85F0070E3FEF8AF020EE67
:100C000010F00F51D9261051DA2210EE10F00F51CA
:100C1000E1261051E222E6C4F8F5E6C4F9F5E6C48F
:100C2000FAF5E6C4FBF513510501F825FC6F060142
:100C300014510501F921FD6F000EFA21FE6F000E1F
:100C4000FB21FF6FDE50FC5DDE50FD59DE50FE598A
:100C5000DE50FF59D8B02FEF86F031EF86F044EF29
:100C600086F0060120EE10F00F51D9261051DA223D
:100C7000DEC4F4F5DDC4F5F50501F41D0601136FBE
:100C80000501F51D0601146F060113511411D8A4B6
:100C90004CEF86F04EEF86F050EF86F036EF8AF09C
:100CA00020EE10F00F51D9261051DA22FF0EDE147B
:100CB0000501F46F010EDE14F56F000EDE14F66F01
:100CC000000EDE14F76FF451F511F611F711D8A4E8
:100CD0006CEF86F06EEF86F06FEF89F0060120EE84
:100CE00010F00F51D9261051DA22DEC4F4F5DEC41B
:100CF000F5F5DEC4F6F5DEC4F7F50A0E86EF86F0EC
:100D00000501D890F733F633F533F433E82E80EF4E
:100D100086F0060120EE0AF02C51D9262D51DA2258
:100D2000DEC4F8F5DDC4F9F5FF0E0501F825FA6F0C
:100D3000FF0EF921FB6FF451FA1506011E6F050134
:100D4000F551FB1506011F6F1E511F11D8A4ABEF03
:100D500086F0ADEF86F076EF87F020EE10F00F51C1
:100D6000D9261051DA22DE50DE10DE10DE10D8A4B3
:100D7000BCEF86F0BEEF86F0F0EF86F020EE06F0D6
:100D80000F51D9261051DA22DEC422F6DEC423F632
:100D9000DEC424F6DEC425F62251231124112511C8
:100DA000D8A4D5EF86F0D7EF86F00CEF87F00FC60A
:100DB000E6F510C6E7F5000E0501E86F000EE96FD5
:100DC000000EEA6F000EEB6FE6EC95F0E6C522F63A
:100DD000E7C523F6E8C524F6E9C525F60CEF87F04C
:100DE0000FC6E6F510C6E7F520EE14F00F51D92630
:100DF0001051DA22DEC4E8F5DEC4E9F5DEC4EAF516
:100E0000DEC4EBF5E6EC95F0E6C522F6E7C523F681
:100E1000E8C524F6E9C525F606012251231124115F
:100E20002511D8A416EF87F018EF87F01AEF87F096
:100E300036EF8AF02205231124112511D8A423EFBF
:100E400087F025EF87F030EF87F020EE0FF00F519D
:100E5000D9261051DA22020EDF6E020E3FEF8AF021
:100E600022290AE1232908E1242906E12529D8A419
:100E70003CEF87F03EEF87F049EF87F020EE0FF070
:100E80000F51D9261051DA22010EDF6E010E3FEF0D
:100E90008AF020EE14F00F51D9261051DA2222C622
:100EA000DEF423C6DEF424C6DEF425C6DEF420EE2E
:100EB00006F00F51D9261051DA22DE50DE10DE1076
:100EC000DE10D8A466EF87F068EF87F076EF87F042
:100ED00020EE06F00F51D9261051DA2222C6DEF498
:100EE00023C6DEF424C6DEF425C6DEF420EE0EF0C2
:100EF0000F51D9261051DA22DFAE81EF87F083EF50
:100F000087F0C5EF87F0220E0F2505019C6F000EBC
:100F10000601102105019D6F060120EE18F00F510A
:100F2000D9261051DA22DEC49EF5DEC49FF5DEC458
:100F3000A0F5DEC4A1F50501A36B010EA26F0601A9
:100F400020EE01F02C51D9262D51DA22DF509AECF7
:100F5000EBF00009D8B4AFEF87F0B1EF87F0BCEF4A
:100F600087F0060120EE0FF00F51D9261051DA223A
:100F7000010EDF6E46EF87F0060120EE0EF00F51F6
:100F8000D9261051DA227F0EDF162CC610F52DC699
:100F900011F520EE14F00F51D9261051DA22DEC4DB
:100FA00012F5DEC413F5DEC414F5DEC415F55EECEF
:100FB000E2F010C528F611C529F612C52AF613C5A8
:100FC0002BF60601285129112A112B11D8A4EBEF79
:100FD00087F0EDEF87F0F7EF87F020EE0FF00F517D
:100FE000D9261051DA22020EDF6E2DEF87F01E5146
:100FF00028271F512923000E2A23000E2B2313C656
:10100000F4F514C6F5F5090E0501F66FD890F53321
:10101000F433F62F06EF88F0F4C520F6F5C521F677
:10102000060120512111D8B418EF88F01AEF88F08A
:10103000FCEF88F020511E250501F46F06012151B7
:101040001F210501F56F060120EE0AF02C51D9266B
:101050002D51DA220501F451DE5CF551DE58D8B08D
:1010600034EF88F036EF88F04BEF88F0060120EE81
:101070000AF02C51D9262D51DA22DEC4F4F5DDC454
:10108000F5F51E510501F45D0601206F1F510501A4
:10109000F5590601216F1CC69CF51DC69DF528C695
:1010A0009EF529C69FF52AC6A0F52BC6A1F520C638
:1010B000A2F521C6A3F5060120EE01F02C51D92698
:1010C0002D51DA22DF509AECEBF00009D8B46BEF27
:1010D00088F06DEF88F078EF88F0060120EE0FF0D1
:1010E0000F51D9261051DA22010EDF6E46EF87F03C
:1010F000060120510501F46F060121510501F56F2C
:10110000F66BF76B060120EE18F00F51D92610513F
:10111000DA22DEC4F8F5DEC4F9F5DEC4FAF5DEC481
:10112000FBF528510501F85DFC6F06012951050109
:10113000F959FD6F06012A510501FA59FE6F0601A2
:101140002B510501FB59FF6FF451FC5DF551FD5921
:10115000F651FE59F751FF59D8B0B1EF88F0B3EF0F
:1011600088F0EAEF88F0220E06010F25046E000ECB
:101170001021056E20EE18F00F51D9261051DA22F9
:10118000DEC4F4F5DDC4F5F528510501F45F060170
:1011900029510501F55B090ED890F437F537E82E93
:1011A000CCEF88F0F45106011C25066E0501F551BF
:1011B00006011D21076E020E096E000E086E32EC4C
:1011C000F3F0060120EE0EF00F51D9261051DA226D
:1011D0007F0EDF1620C6F4F521C6F5F5090ED8906E
:1011E0000501F437F537E82EEFEF88F0F4C526F661
:1011F000F5C527F6CFEF89F020EE18F00F51D9266C
:101200001051DA222851DE180FE12951DE180CE1C5
:101210002A51DE1809E12B51DE18D8B412EF89F0FB
:1012200014EF89F060EF89F020EE0AF00F51D92613
:101230001051DA2210EE10F00F51E1261051E22287
:10124000DE50E65CDE50E658DE50E658DE50E658EA
:10125000D8B02DEF89F02FEF89F060EF89F0220EE2
:101260000F2505019E6F000E0601102105019F6FDD
:1012700028C6A0F529C6A1F52AC6A2F52BC6A3F556
:10128000A56B010EA46F060120EE01F02C51D926AA
:101290002D51DA22DF50E5ECEBF00009D8B453EF22
:1012A00089F055EF89F060EF89F0060120EE0FF02C
:1012B0000F51D9261051DA22010EDF6E46EF87F06A
:1012C000060120EE18F00F51D9261051DA2228C657
:1012D000DEF429C6DEF42AC6DEF42BC6DEF40601EF
:1012E00020EE10F00F51D9261051DA22DEC4F4F5A9
:1012F000DDC4F5F5FF0E0501F415F66F010EF515C9
:10130000F76FF65100080601266F0501F751D8A0C6
:10131000E82A02080601276F2651135D2751145948
:10132000D8B095EF89F097EF89F09BEF89F013C65D
:1013300026F614C627F620EE10F00F51D9261051CC
:10134000DA22DEC4F4F5DDC4F5F5FF0E0501F4156F
:10135000F66F010EF515F76FF65106010F25050121
:10136000F86FF751060110210501F96F220EF825DB
:10137000046E000EF921056E1CC606F51DC607F5A4
:1013800026C608F527C609F532ECF3F0060120EE73
:101390000EF00F51D9261051DA22000EDB8E060115
:1013A0002651135F2751145B15C6D9F416C6DAF41B
:1013B0002651DE262751DD2226511C2727511D23C9
:1013C00020EE10F00F51D9261051DA222651DE26D8
:1013D0002751DE22000EDE22DE2220EE10F00F5119
:1013E000D9261051DA2210EE0AF00F51E1261051E1
:1013F000E222DE50E65CDE50E658DE50E658DE5073
:10140000E658D8A006EF8AF008EF8AF018EF8AF0C5
:1014100020EE0AF00F51D9261051DA22DEC417F659
:10142000DEC418F6DEC419F6DEC41AF626EF8AF01A
:1014300020EE10F00F51D9261051DA22DEC417F633
:10144000DEC418F6DEC419F6DEC41AF620EE0AF081
:101450000F51D9261051DA2217C6DEF418C6DEF471
:1014600019C6DEF41AC6DEF444EF86F020EE0EF064
:101470000F51D9261051DA22000EDB8C000E12001B
:101480000FC661F510C662F5320E0501636F060ED8
:10149000646FDBECDAF006012D6F2D51D8A453EF09
:1014A0008AF055EF8AF05DEF8AF020EE0FF00F51D1
:1014B000D9261051DA22DF502D6F2D51D8B463EFA9
:1014C0008AF065EF8AF068EF8AF02D5149EF8EF0CF
:1014D00020EE0AF00F51D9261051DA221151DE5CAC
:1014E0001251DE581351DE581451DE58D8B07BEF3C
:1014F0008AF07DEF8AF098EF8AF020EE0EF00F511F
:10150000D9261051DA22DFB288EF8AF08AEF8AF00A
:1015100098EF8AF020EE0AF00F51D9261051DA2206
:10152000DEC411F6DEC412F6DEC413F6DEC414F611
:1015300020EE10F00F51D9261051DA22DEC425F624
:10154000DEC426F6DEC427F6DEC428F6000E296FB8
:10155000000E2A6F000E2B6F000E2C6F20EE10F085
:101560000F51D9261051DA2229C6DEF42AC6DEF43C
:101570002BC6DEF42CC6DEF4115112111311141116
:10158000D8B4C5EF8AF0C7EF8AF04CEF8DF020EEAB
:101590000AF03251D9263351DA22DEC415F6DDC401
:1015A00016F61551176F1651186F196B1A6B090E35
:1015B000D8901737183719371A37E82ED8EF8AF02E
:1015C00017C62EF618C62FF619C630F61AC631F60B
:1015D0002551261127112811D8B4F1EF8AF0F3EF25
:1015E0008AF090EF8BF0FF0E1125046EFF0E122192
:1015F000056EFF0E1321066EFF0E1421076E2EC618
:1016000008F52FC609F530C60AF531C60BF53FECD3
:10161000E8F004C515F605C516F606C517F607C5A4
:1016200018F6FF0E06012525046EFF0E2621056E15
:10163000FF0E2721066EFF0E2821076E2EC608F525
:101640002FC609F530C60AF531C60BF53FECE8F0B8
:1016500004500601155D05501659065017590750DC
:101660001859D8A036EF8BF038EF8BF090EF8BF055
:10167000FF0E2E25156FFF0E2F21166FFF0E302146
:10168000176FFF0E3121186F151D196F161D1A6F78
:10169000171D1B6F181D1C6FFF0E25251D6FFF0EDC
:1016A00026211E6FFF0E27211F6FFF0E2821206F9E
:1016B00019511D15216F1A511E15226F1B511F152F
:1016C000236F1C512015246F20EE10F00F51D926E6
:1016D0001051DA2221C6DEF422C6DEF423C6DEF47F
:1016E00024C6DEF420EE10F00F51D9261051DA2274
:1016F000DE50115FDE50125BDE50135BDD50145B79
:1017000020EE14F00F51D9261051DA22DEC434F63F
:10171000DEC435F6DEC436F6DEC437F60CEF8CF0E8
:1017200020EE06F00F51D9261051DA22DEC434F62D
:10173000DEC435F6DEC436F6DEC437F63451351174
:1017400036113711D8A4A7EF8BF0A9EF8BF0FEEF7D
:101750008BF00FC6E6F510C6E7F5000E0501E86F41
:10176000000EE96F000EEA6F000EEB6FE6EC95F0ED
:10177000E6C534F6E7C535F6E8C536F6E9C537F609
:1017800006013405351136113711D8A4CAEF8BF094
:10179000CCEF8BF0D7EF8BF020EE0FF00F51D92666
:1017A0001051DA22020EDF6E020E49EF8EF034295C
:1017B0000AE1352908E1362906E13729D8A4E3EF03
:1017C0008BF0E5EF8BF0F0EF8BF020EE0FF00F5188
:1017D000D9261051DA22010EDF6E010E49EF8EF08C
:1017E00020EE06F00F51D9261051DA2234C6DEF46D
:1017F00035C6DEF436C6DEF437C6DEF420EE14F06D
:101800000F51D9261051DA2234C6DEF435C6DEF483
:1018100036C6DEF437C6DEF43451351136113711D1
:10182000D8B415EF8CF017EF8CF04CEF8DF0D1EFB2
:101830008CF02E51115F2F51125B3051135B3151DF
:10184000145B20EE10F00F51D9261051DA222E51E0
:10185000DE262F51DE223051DE223151DE2220EEF3
:101860000EF00F51D9261051DA22DFA23AEF8CF098
:101870003CEF8CF068EF8CF00FC6E6F510C6E7F58C
:1018800034C6E8F535C6E9F536C6EAF537C6EBF5F0
:10189000E6EC95F0E6C534F6E7C535F6E8C536F66C
:1018A000E9C537F606013451351136113711D8A480
:1018B0005CEF8CF05EEF8CF07EEF8CF0000E116F21
:1018C000000E126F000E136F000E146FE0EF8CF01D
:1018D0000FC6C5F510C6C6F534C6C7F535C6C8F57A
:1018E00036C6C9F537C6CAF5D3ECA6F0C5C534F679
:1018F000C6C535F6C7C536F6C8C537F6060134295C
:101900000AE1352908E1362906E13729D8A48BEF09
:101910008CF08DEF8CF097EF8CF020EE0FF00F51E4
:10192000D9261051DA22010EDF6EEDEF8BF0375120
:101930003611351109E1020E345DD8A0A2EF8CF00A
:10194000A4EF8CF0B9EF8CF020EE14F03251D926D0
:101950003351DA22DE50345DDE503559DE503659CF
:10196000DE503759D8A0B7EF8CF0B9EF8CF0C3EF49
:101970008CF020EE0FF00F51D9261051DA22020E12
:10198000DF6ED4EF8BF020EE14F00F51D9261051FA
:10199000DA2234C6DEF435C6DEF436C6DEF437C6E7
:1019A000DEF411512E5D12512F591351305914513B
:1019B0003159D8A0DEEF8CF0E0EF8CF019EF8CF00D
:1019C00020EE10F00F51D9261051DA221151DE26E7
:1019D0001251DE221351DE221451DE22FF0E1115A8
:1019E000156F010E1215166F000E1315176F000EEE
:1019F0001415186F1551161117111811D8B403EFDB
:101A00008DF005EF8DF04CEF8DF032C610F533C63A
:101A100011F534C612F535C613F536C614F537C6BA
:101A200015F55EECE2F010C529F611C52AF612C5CF
:101A30002BF613C52CF6060129512A112B112C1156
:101A4000D8A425EF8DF027EF8DF031EF8DF020EE4B
:101A50000FF00F51D9261051DA22020EDF6ED4EFAB
:101A60008BF011C615F612C616F613C617F614C675
:101A700018F60A0E41EF8DF0D8901833173316334D
:101A80001533E82E3CEF8DF01551292716512A23E6
:101A900017512B2318512C2320EE10F00F51D9266B
:101AA0001051DA2210EE0AF00F51E1261051E22215
:101AB000DE50E65CDE50E658DE50E658DE50E65872
:101AC000D8B065EF8DF067EF8DF083EF8DF020EEED
:101AD00010F00F51D9261051DA2210EE0AF00F51F2
:101AE000E1261051E222DEC4E6F4DEC4E6F4DEC4F0
:101AF000E6F4DEC4E6F420EE0EF00F51D9261051C4
:101B0000DA22000EDB8C20EE10F00F51D926105196
:101B1000DA22FF0EDE14156F010EDE14166F000EB2
:101B2000DE14176F000EDE14186F15511611171101
:101B30001811D8B49EEF8DF0A0EF8DF065EF8AF00C
:101B400020EE18F00F51D9261051DA222951DE1853
:101B50000FE12A51DE180CE12B51DE1809E12C515E
:101B6000DE18D8B4B6EF8DF0B8EF8DF065EF8AF0DF
:101B700020EE0EF00F51D9261051DA22DFAEC3EF5E
:101B80008DF0C5EF8DF007EF8EF0220E0F250501C9
:101B90009C6F000E0601102105019D6F060120EECD
:101BA00018F00F51D9261051DA22DEC49EF5DEC49A
:101BB0009FF5DEC4A0F5DEC4A1F50501A36B010EFF
:101BC000A26F060120EE01F03251D9263351DA22FC
:101BD000DF509AECEBF00009D8B4F1EF8DF0F3EFA1
:101BE0008DF0FEEF8DF0060120EE0FF00F51D9269B
:101BF0001051DA22010EDF6EEDEF8BF0060120EEC0
:101C00000EF00F51D9261051DA227F0EDF16220E68
:101C10000F2505019E6F000E0601102105019F6F23
:101C200029C6A0F52AC6A1F52BC6A2F52CC6A3F598
:101C3000A56B010EA46F060120EE01F03251D926EA
:101C40003351DA22DF50E5ECEBF00009D8B42BEF8A
:101C50008EF02DEF8EF038EF8EF0060120EE0FF0B3
:101C60000F51D9261051DA22010EDF6EEDEF8BF005
:101C7000060120EE18F00F51D9261051DA2229C69C
:101C8000DEF42AC6DEF42BC6DEF42CC6DEF465EFE5
:101C90008AF01200E1C509F6E2C50AF6E5C5D9F4F5
:101CA000E6C5DAF4DE6ADD6ADFC561F5E0C562F536
:101CB000150E0501636F060E646FDBECDAF00601AA
:101CC000046F0451D8A467EF8EF069EF8EF07BEFBC
:101CD0008EF0050120EE0FF0DF51D926E051DA2217
:101CE000DF500601046F0451D8B479EF8EF07BEF1A
:101CF0008EF07EEF8EF0045121EF92F0050120EE80
:101D00000EF0DF51D926E051DA22DFB08AEF8EF0F3
:101D10008CEF8EF08FEF8EF0070E21EF92F020EE19
:101D200010F0DF51D926E051DA22DEC4E7F5DEC437
:101D3000E8F5DEC4E9F5DEC4EAF520EE0AF0DF518D
:101D4000D926E051DA22DEC4EBF5DEC4ECF5DEC4C0
:101D5000EDF5DEC4EEF5E751EB5D0601006F050120
:101D6000E851EC590601016F0501E951ED590601F1
:101D7000026F0501EA51EE590601036F0501E351B7
:101D8000E76FE451E86FE96BEA6BE7510601005D2C
:101D90000501E851060101590501E9510601025901
:101DA0000501EA5106010359D8B0D9EF8EF0DBEFF7
:101DB0008EF0DFEF8EF000C6E3F501C6E4F5050115
:101DC000E351E411D8A4E7EF8EF0E9EF8EF0EBEFEA
:101DD0008EF020EF92F020EE10F0DF51D926E05186
:101DE000DA22FF0EDE14E76F010EDE14E86F000E3C
:101DF000DE14E96F000EDE14EA6FE751E811E91115
:101E0000EA11D8A406EF8FF008EF8FF0A7EF91F05A
:101E100020EE10F0DF51D926E051DA22DEC4E7F5DA
:101E2000DEC4E8F5DEC4E9F5DEC4EAF50A0E1EEF0D
:101E30008FF0D890EA33E933E833E733E82E19EF2F
:101E40008FF0060120EE0AF01551D9261651DA223C
:101E5000DEC4EBF5DDC4ECF5FF0E0501EB25ED6FFF
:101E6000FF0EEC21EE6FE751ED1506010B6F05013A
:101E7000E851EE1506010C6F0B510C11D8A443EF7D
:101E80008FF045EF8FF0C6EF8FF0050120EE10F0D8
:101E9000DF51D926E051DA22DE50DE10DE10DE10EE
:101EA000D8A455EF8FF057EF8FF067EF8FF020EE4B
:101EB00006F0DF51D926E051DA22DEC405F6DEC491
:101EC00006F6DEC407F6DEC408F683EF8FF0DFC542
:101ED000C5F5E0C5C6F520EE14F0DF51D926E05176
:101EE000DA22DEC4C7F5DEC4C8F5DEC4C9F5DEC437
:101EF000CAF5D3ECA6F0C5C505F6C6C506F6C7C536
:101F000007F6C8C508F6060108510711061107E1D2
:101F1000020E055DD8B08FEF8FF091EF8FF09DEF3F
:101F20008FF0050120EE0FF0DF51D926E051DA22C3
:101F3000020EDF6E020E21EF92F005290AE106295A
:101F400008E1072906E10829D8A4A9EF8FF0ABEF33
:101F50008FF0B7EF8FF0050120EE0FF0DF51D9269B
:101F6000E051DA22010EDF6E010E21EF92F0050141
:101F700020EE14F0DF51D926E051DA2205C6DEF456
:101F800006C6DEF407C6DEF408C6DEF415C610F594
:101F900016C611F5050120EE14F0DF51D926E051E7
:101FA000DA22DEC412F5DEC413F5DEC414F5DEC495
:101FB00015F55EECE2F010C511F611C512F612C56A
:101FC00013F613C514F60601115112111311141151
:101FD000D8A4EDEF8FF0EFEF8FF0FAEF8FF005015F
:101FE00020EE0FF0DF51D926E051DA22020EDF6E2B
:101FF0009AEF8FF00B5111270C511223000E13236F
:10200000000E1423E3C5E7F5E4C5E8F5090E050164
:10201000E96FD890E833E733E92F09EF90F0E7C58F
:102020000DF6E8C50EF606010D510E11D8B41BEFE2
:1020300090F01DEF90F005EF91F00D510B2505018B
:10204000E76F06010E510C210501E86F060120EE35
:102050000AF01551D9261651DA220501E751DE5C46
:10206000E851DE58D8B037EF90F039EF90F04EEFEE
:1020700090F0060120EE0AF01551D9261651DA2209
:10208000DEC4E7F5DDC4E8F50B510501E75D0601A7
:102090000D6F0C510501E85906010E6F09C69EF53A
:1020A0000AC69FF511C6A0F512C6A1F513C6A2F582
:1020B00014C6A3F50DC6A4F50EC6A5F5060120EEBF
:1020C00001F01551D9261651DA22DF50E5ECEBF07C
:1020D0000009D8B46EEF90F070EF90F07BEF90F0C5
:1020E000050120EE0FF0DF51D926E051DA22010E72
:1020F000DF6EB4EF8FF0050120EE0EF0DF51D92630
:10210000E051DA22DFAE87EF90F089EF90F0F3EF45
:1021100090F006010D510501E76F06010E51050112
:10212000E86FE96BEA6B20EE18F0DF51D926E05139
:10213000DA22DEC4EBF5DEC4ECF5DEC4EDF5DEC478
:10214000EEF5060111510501EB5DEF6F060112512D
:102150000501EC59F06F060113510501ED59F16FBE
:10216000060114510501EE59F26FE751EF5DE85198
:10217000F059E951F159EA51F259D8B0C2EF90F053
:10218000C4EF90F0F3EF90F020EE18F0DF51D92675
:10219000E051DA22DEC4E7F5DDC4E8F506011151AD
:1021A0000501E75F060112510501E85B090ED890B1
:1021B000E737E837E82ED7EF90F0E7510601092519
:1021C000046E0501E85106010A21056E220E050183
:1021D000DF25066E000EE021076E020E096E000E6E
:1021E000086E32ECF3F00DC6E7F50EC6E8F5090E01
:1021F000D8900501E737E837E82EF8EF90F0E7C50B
:102200000FF6E8C510F6FAEF91F0050120EE18F090
:10221000DF51D926E051DA2206011151DE180FE113
:102220001251DE180CE11351DE1809E11451DE18C9
:10223000D8B41DEF91F01FEF91F098EF91F00501E8
:1022400020EE0EF0DF51D926E051DA22DFAE2BEF7F
:1022500091F02DEF91F06AEF91F0220EDF259C6F47
:10226000000EE0219D6F20EE18F0DF51D926E051DD
:10227000DA22DEC49EF5DEC49FF5DEC4A0F5DEC41E
:10228000A1F5A36B010EA26F060120EE01F015511E
:10229000D9261651DA22DF509AECEBF00009D8B4B7
:1022A00054EF91F056EF91F061EF91F0050120EEBF
:1022B0000FF0DF51D926E051DA22010EDF6EB4EFC4
:1022C0008FF0050120EE0EF0DF51D926E051DA2221
:1022D0007F0EDF16220EDF259E6F000EE0219F6F1E
:1022E00011C6A0F512C6A1F513C6A2F514C6A3F532
:1022F000A56B010EA46F060120EE01F01551D92641
:102300001651DA22DF50E5ECEBF00009D8B48BEF80
:1023100091F08DEF91F098EF91F0050120EE0FF024
:10232000DF51D926E051DA22010EDF6EB4EF8FF0D3
:10233000050120EE18F0DF51D926E051DA2211C64E
:10234000DEF412C6DEF413C6DEF414C6DEF420EEAC
:1023500010F0DF51D926E051DA22DEC4E7F5DDC402
:10236000E8F5FF0EE715E96F010EE815EA6FE95190
:10237000000806010F6F0501EA51D8A0E82A0208FB
:102380000601106F0F510501E35D060110510501B3
:10239000E459D8B0CEEF91F0D0EF91F0D4EF91F0B6
:1023A000E3C50FF6E4C510F609C604F50AC605F53F
:1023B00020EE10F0DF51D926E051DA22DEC4E7F535
:1023C000DDC4E8F5FF0EE715E96F010EE815EA6FC9
:1023D000E951DF25EB6FEA51E021EC6F220EEB258E
:1023E000066E000EEC21076E0FC608F510C609F543
:1023F00032ECF3F006010F510501E35F06011051C5
:102400000501E45BE5C5D9F4E6C5DAF406010F5130
:10241000DE261051DD220F51092710510A23050134
:1024200020EE10F0DF51D926E051DA2206010F51DB
:10243000DE261051DE22000EDE22DE22DFEF8EF0DD
:10244000000E12000601A251A311D8A42AEF92F0A7
:102450002CEF92F02FEF92F0090EE5EF95F03F0E82
:10246000A617A40E0501F16F060EF26FC70EF36FEB
:10247000060EF46FA6C6F5F500EC80F00601C96FF4
:10248000C951D8A446EF92F048EF92F0D5EF95F0FD
:10249000C7C6CAF6C8C6CBF6CA0E256F060E266F8B
:1024A000A4C627F6A5C628F6E0ECBBF00601C96F66
:1024B000C951D8A45EEF92F060EF92F069EF92F00C
:1024C000F1AF65EF92F067EF92F069EF92F0060ED0
:1024D000C96FA6C6A7F61C0EA717D8B472EF92F064
:1024E00074EF92F090EF93F0C951D8B47AEF92F074
:1024F0007CEF92F090EF92F0040EC919D8A483EF0C
:1025000092F085EF92F08DEF92F0CA0E296F060ED1
:102510002A6FE6ECDFF00601C96FA687A8EF92F0FC
:10252000CEC6A7F6110EA717D8B499EF92F09BEF7D
:1025300092F09FEF92F0070EC96FA8EF92F0A6A558
:10254000A4EF92F0A6EF92F0A8EF92F0080EC96FF8
:10255000C951D8A4AEEF92F0B0EF92F0B3EF93F080
:10256000A6A7B5EF92F0B7EF92F0B3EF93F0ABEC14
:10257000F7F004C5B3F605C5B4F606C5B5F607C54C
:10258000B6F60E0E0601E425046E000EE521056E7A
:10259000B3C606F5B4C607F5B5C608F5B6C609F55F
:1025A0006FECF0F0160E0601E425046E000EE52136
:1025B000056EB3C606F5B4C607F5B5C608F5B6C6CA
:1025C00009F56FECF0F0C7C60BF5C8C60CF5E4C60C
:1025D0000DF5E5C60EF50DECEEF00BC5B7F60CC526
:1025E000B8F60DC5B9F60EC5BAF6060120EE0BF029
:1025F000E451D926E551DA22200EDF6EC7C608F570
:10260000C8C609F5E4C60AF5E5C60BF5000E0C6E62
:10261000000E0D6E000E0E6E000E0F6EF6ECF3F057
:102620001C0E0601E425046E000EE521056E000E69
:10263000066E000E076E000E086E000E096E6FEC3F
:10264000F0F0060120EE04F0C751D926C851DA2275
:10265000010EDF6EB751B811B911BA11D8B433EF0A
:1026600093F035EF93F0B3EF93F020EE2CF0C751D9
:10267000D926C851DA22DEC4BBF6DEC4BCF6DEC4FD
:10268000BDF6DEC4BEF6CA0E0501E66F060EE76FA4
:10269000B7C6E8F5B8C6E9F5B9C6EAF5BAC6EBF5C6
:1026A000000EEC6F000EED6F000EEE6F000EEF6F80
:1026B000B7ECB9F00601C96FC951D8A462EF93F025
:1026C00064EF93F0B3EF93F0C7C6BAF5C8C6BBF595
:1026D000BBC6BCF5BCC6BDF5BDC6BEF5BEC6BFF526
:1026E000F3ECE3F00601C96FFF0EB725A76FFF0EED
:1026F000B821A86FFF0EB921A96FFF0EBA21AA6FEA
:1027000020EE0CF0C751D926C851DA22A7C6DEF454
:10271000A8C6DEF4A9C6DEF4AAC6DEF4B3EF93F0D1
:10272000C951D8A496EF93F098EF93F0B3EF93F0DC
:10273000CEA99DEF93F09FEF93F0A3EF93F0040EDB
:10274000C96FB3EF93F0A6A3A8EF93F0AAEF93F0AD
:10275000B3EF93F0CEA1AFEF93F0B1EF93F0B3EFFF
:1027600093F0070EC96FC951D8A4B9EF93F0BBEF2E
:1027700093F0E1EF93F0A6A7C0EF93F0C2EF93F0D0
:10278000C3EF93F0A68D20EE2CF0C751D926C85187
:10279000DA2210EE1CF0A251E126A351E222DEC49F
:1027A000E6F4DEC4E6F4DEC4E6F4DEC4E6F420EECD
:1027B00020F0A251D926A351DA22E4C6DEF4E5C600
:1027C000DDF4C951D8A4E7EF93F0E9EF93F0D5EF2A
:1027D00095F0C7C60BF5C8C60CF5E4C60DF5E5C601
:1027E0000EF50DECEEF0060120EE06F0A251D92612
:1027F000A351DA220BC5DEF40CC5DEF40DC5DEF400
:102800000EC5DEF41C0EE425046E000EE521056EF7
:10281000DAECE5F0060120EE0AF0A251D926A35128
:10282000DA2204C5DEF405C5DEF406C5DEF407C50C
:10283000DEF4A2C6D9F4A3C6DAF4C7C6DEF4C8C66D
:10284000DDF420EE06F0C751D926C851DA2210EE89
:1028500002F0A251E126A351E222DEC4E6F4DDC477
:10286000E5F420EE0EF0A251D926A351DA22A6C635
:10287000DFF420EE0FF0A251D926A351DA22DF6A4D
:1028800020EE18F0A251D926A351DA22DE6ADE6AC0
:10289000DE6ADD6A20EE10F0A251D926A351DA22B9
:1028A000DE6ADE6ADE6ADD6A220EA225046E000E92
:1028B000A321056E076A000E066E020E096E000E59
:1028C000086E65ECF5F00601A6AB69EF94F06BEFCE
:1028D00094F0D5EF95F020EE0AF0A251D926A3513D
:1028E000DA22DE50DE10DE10DE10D8B47AEF94F07B
:1028F0007CEF94F0D5EF95F020EE0AF0A251D926A6
:10290000A351DA2210EE10F0A251E126A351E222E7
:10291000DEC4E6F4DEC4E6F4DEC4E6F4DEC4E6F4C7
:1029200020EE0AF0C751D926C851DA22DEC4A7F634
:10293000DDC4A8F6A751A96FA851AA6FAB6BAC6B09
:10294000090ED890A937AA37AB37AC37E82EA1EFDC
:1029500094F0A9C6AFF6AAC6B0F6ABC6B1F6ACC63F
:10296000B2F620EE06F0A251D926A351DA22DEC437
:10297000C3F6DEC4C4F6DEC4C5F6DEC4C6F620EE79
:102980000AF0A251D926A351DA22DEC4BFF6DEC472
:10299000C0F6DEC4C1F6DEC4C2F60DEF95F0A2C6E5
:1029A000C5F5A3C6C6F5C3C6C7F5C4C6C8F5C5C632
:1029B000C9F5C6C6CAF5D3ECA6F0C5C5C3F6C6C5EB
:1029C000C4F6C7C5C5F6C8C5C6F60601C651C511C9
:1029D000C41107E1020EC35DD8B0F1EF94F0F3EF3C
:1029E00094F0F5EF94F0020EC96FC3290AE1C429EF
:1029F00008E1C52906E1C629D8A401EF95F003EF47
:102A000095F005EF95F0010EC96FAF51BF5FB05162
:102A1000C05BB151C15BB251C25BC951D8A413EFC5
:102A200095F015EF95F024EF95F0BF51AF5DC051D3
:102A3000B059C151B159C251B259D8A022EF95F045
:102A400024EF95F0CFEF94F020EE14F0A251D926A8
:102A5000A351DA22C3C6DEF4C4C6DEF4C5C6DEF472
:102A6000C6C6DEF4C951D8A438EF95F03AEF95F018
:102A7000D5EF95F0FF0EBF15A76F010EC015A86F1B
:102A8000000EC115A96F000EC215AA6FA751A8119B
:102A9000A911AA11D8B44FEF95F051EF95F0D5EFE9
:102AA00095F0C7C610F5C8C611F5C3C612F5C4C661
:102AB00013F5C5C614F5C6C615F55EECE2F010C5F3
:102AC000BBF611C5BCF612C5BDF613C5BEF60601B0
:102AD000BB51BC11BD11BE11D8A471EF95F073EFBD
:102AE00095F077EF95F0020EC96FD5EF95F0BFC660
:102AF000A7F6C0C6A8F6C1C6A9F6C2C6AAF60A0EAF
:102B000087EF95F0D890AA33A933A833A733E82EDE
:102B100082EF95F0BB51A725AB6FBC51A821AC6FDC
:102B2000BD51A921AD6FBE51AA21AE6F20EE18F0A4
:102B3000A251D926A351DA22ABC6DEF4ACC6DEF42C
:102B4000ADC6DEF4AEC6DEF4220EA22505019E6FF0
:102B5000000E0601A32105019F6F060120EE18F06B
:102B6000A251D926A351DA22DEC4A0F5DEC4A1F514
:102B7000DEC4A2F5DEC4A3F50501A56B010EA46FAA
:102B8000060120EE01F0C751D926C851DA22DF50E4
:102B9000E5ECEBF00009D8B4D0EF95F0D2EF95F06A
:102BA000D5EF95F0010E0601C96F0601C951D8B4E1
:102BB000DCEF95F0DEEF95F0E4EF95F0A2C6D9F4E6
:102BC000A3C6DAF4DE6ADD6AC9511200E6C5D9F49B
:102BD000E7C5DAF4DEC409F6DDC40AF60501E851FA
:102BE000E911EA11EB11D8A4F8EF95F0FAEF95F09E
:102BF00033EF96F0060120EE0CF00951D9260A5168
:102C0000DA22DEC401F6DEC402F6DEC403F6DEC458
:102C100004F60151021103110411D8B412EF96F019
:102C200014EF96F029EF96F020EE14F00951D92612
:102C30000A51DA22DE50015DDE500259DE5003599E
:102C4000DE500459D8A027EF96F029EF96F099EFBF
:102C500096F0010E016F000E026F000E036F000E62
:102C6000046F99EF96F0E6C5C5F5E7C5C6F5E8C56A
:102C7000C7F5E9C5C8F5EAC5C9F5EBC5CAF5D3EC92
:102C8000A6F0C5C50BF6C6C50CF6C7C50DF6C8C57A
:102C90000EF606010E510D110C1107E1020E0B5D2F
:102CA000D8B055EF96F057EF96F062EF96F0010E20
:102CB0000501E66F000EE76F000EE86F000EE96F8A
:102CC000CEEF98F00B290AE10C2908E10D2906E165
:102CD0000E29D8A46EEF96F070EF96F07AEF96F08A
:102CE0000BC6E6F50CC6E7F50DC6E8F50EC6E9F528
:102CF000CEEF98F020EE14F00951D9260A51DA22CD
:102D0000DE500B5DDE500C59DE500D59DE500E5971
:102D1000D8B08DEF96F08FEF96F091EF96F070EFC0
:102D200096F0E8C501F6E9C502F6EAC503F6EBC57B
:102D300004F620EE10F00951D9260A51DA22DE50AD
:102D4000DE10DE10DE10D8A4A8EF96F0AAEF96F001
:102D5000B5EF96F0000E0501E66F000EE76F000E6E
:102D6000E86F000EE96FCEEF98F0000E056F000ED1
:102D7000066F000E076F000E086F0501E85106018F
:102D8000011913E10501E951060102190EE10501DE
:102D9000EA510601031909E10501EB510601041985
:102DA000D8A4D5EF96F0D7EF96F07DEF97F0010E0F
:102DB0000125056F000E0221066F000E0321076F2B
:102DC000000E0421086F20EE14F00951D9260A5193
:102DD000DA22DE50055DDE500659DE500759DE501E
:102DE0000859D8A0F6EF96F0F8EF96F000EF97F0BC
:102DF000020E056F000E066F000E076F000E086FC3
:102E0000E6C5C5F5E7C5C6F505C6C7F506C6C8F5E6
:102E100007C6C9F508C6CAF5D3ECA6F0C5C50BF6BA
:102E2000C6C50CF6C7C50DF6C8C50EF606010B05DE
:102E30000C110D110E11D8B420EF97F022EF97F07E
:102E400070EF96F00B290AE10C2908E10D2906E143
:102E50000E29D8A42EEF97F030EF97F032EF97F0CD
:102E600070EF96F00B510C110D110E11D8B43BEF11
:102E700097F03DEF97F07DEF97F020EE0CF00951C1
:102E8000D9260A51DA22DEC40BF6DEC40CF6DEC403
:102E90000DF6DEC40EF60E510D110C1109E1020EF5
:102EA0000B5DD8A056EF97F058EF97F075EF97F0BD
:102EB00020EE14F00951D9260A51DA22DE500B5DBA
:102EC000DE500C59DE500D59DE500E59D8B06BEF64
:102ED00097F06DEF97F075EF97F00BC601F60CC603
:102EE00002F60DC603F60EC604F6000E056F000EC0
:102EF000066F000E076F000E086F055106110711CF
:102F00000811D8A486EF97F088EF97F015EF98F0A6
:102F100001C605F602C606F603C607F604C608F69D
:102F2000010E0527000E06230723082320EE14F0C8
:102F30000951D9260A51DA22DE50055DDE500659C4
:102F4000DE500759DE500859D8A0A9EF97F0ABEF33
:102F500097F0C2EF97F0020E056F000E066F000E9D
:102F6000076F000E086F04510311021107E1020EF2
:102F7000015DD8B0BEEF97F0C0EF97F0C2EF97F0C9
:102F8000AAEF96F0E6C5C5F5E7C5C6F505C6C7F5CF
:102F900006C6C8F507C6C9F508C6CAF5D3ECA6F03B
:102FA000C5C50BF6C6C50CF6C7C50DF6C8C50EF6E9
:102FB00006010B510C110D110E11D8A4E2EF97F080
:102FC000E4EF97F0E6EF97F015EF98F00B050C1192
:102FD0000D110E11D8B4EFEF97F0F1EF97F070EFFD
:102FE00096F00B290AE10C2908E10D2906E10E29CA
:102FF000D8A4FDEF97F0FFEF97F001EF98F070EF96
:1030000096F0015105190DE1025106190AE103512B
:10301000071907E104510819D8A411EF98F013EF2C
:1030200098F090EF97F0AAEF96F009C6C5F50AC69A
:10303000C6F505C6C7F506C6C8F507C6C9F508C66C
:10304000CAF5FF0E0501CB6FFF0ECC6FFF0ECD6FE3
:10305000FF0ECE6F7CEC9BF00601006F0051D8A4F0
:1030600034EF98F036EF98F05AEF98F00501E851F8
:10307000E911EA11EB11D8B440EF98F042EF98F063
:103080005AEF98F009C6C5F50AC6C6F5E8C5C7F5F2
:10309000E9C5C8F5EAC5C9F5EBC5CAF505C6CBF55E
:1030A00006C6CCF507C6CDF508C6CEF57CEC9BF080
:1030B0000601006F06010051D8A461EF98F063EF9C
:1030C00098F0B0EF98F020EE0CF00951D9260A5193
:1030D000DA2205C6DEF406C6DEF407C6DEF408C64C
:1030E000DEF420EE10F00951D9260A51DA2210EE52
:1030F00014F00951E1260A51E222FE0EE6240501F0
:10310000F06FFF0EE620F16FFF0EE620F26FFF0E6C
:10311000E620F36FDE50F05DDE50F159DE50F259DB
:10312000DE50F359D8A097EF98F099EF98F0A5EFFB
:1031300098F0060120EE10F00951D9260A51DA2242
:10314000DE06000EDE5ADE5ADE5A060120EE05F0DB
:103150000951D9260A51DA22000EDB80C6EF98F019
:103160000005D8B4B6EF98F0B8EF98F0C2EF98F039
:10317000010E056F000E066F000E076F000E086F40
:10318000C6EF98F0056906690769086905C6E6F59E
:1031900006C6E7F507C6E8F508C6E9F5120034C526
:1031A000D9F435C5DAF4DEC4F6F4DDC4F7F4000E64
:1031B000F86E0800F550250AD8A4E1EF98F0E3EF87
:1031C00098F065EF9BF034C5D9F435C5DAF4DE2A02
:1031D000000EDD220701166B000E156F15C75CF59A
:1031E00017691869406A15EF99F05C8234C5D9F403
:1031F00035C5DAF4DE2A000EDD2215EF99F0010E56
:10320000406E15EF99F034C5D9F435C5DAF4DEC453
:10321000F6F4DDC4F7F4000EF86E0800F550300A3D
:10322000D8B4F5EF98F0FFEF98F04050D8B41BEF0A
:1032300099F01DEF99F003EF99F034C504F535C509
:1032400005F536C506F537C507F529ECE3F004C5E5
:1032500015F705C516F7070116BF33EF99F031EFE3
:1032600099F038EF99F05C80156D161FD8B0162BC9
:1032700034C5D9F435C5DAF4DEC4F6F4DDC4F7F4A8
:10328000000EF86E0800F550630AD8A44AEF99F0D2
:103290004CEF99F06FEF99F034C5D9F435C5DAF4F5
:1032A000DE2A000EDD2236C5D9F437C5DAF4DFC4D4
:1032B00038F5020EDE26DFC439F5000EDD2238C5F2
:1032C000D9F439C5DAF4DF50416E32C50EF533C595
:1032D0000FF541C510F5B9ECE4F07BEF9BF034C578
:1032E000D9F435C5DAF4DEC442F5DDC443F542C590
:1032F000F6F443C5F7F4000EF86E0800F5C441F586
:103300008DEF99F0424A432AA4EF99F0690E416E7D
:10331000A4EF99F0416AA4EF99F04150580AD8B44B
:1033200086EF99F03C0AD8B486EF99F00D0AD8B42C
:1033300086EF99F0050AD8B482EF99F0140AD8B450
:1033400086EF99F08AEF99F042C5F6F443C5F7F499
:10335000000EF86E0800F550640AD8B4B2EF99F088
:10336000B4EF99F0FBEF99F042C5F6F443C5F7F4DA
:10337000000EF86E0800F550690AD8A4C2EF99F063
:10338000C4EF99F024EF9AF0FBEF99F036C5D9F429
:1033900037C5DAF4DFC438F5020EDE26DFC439F5AE
:1033A000000EDD2238C5D9F439C5DAF4DEC43CF5A7
:1033B000DDC43DF5000E3DBEFF0E3E6E3F6E06EFD6
:1033C0009AF036C5D9F437C5DAF4DFC438F5040EFF
:1033D000DE26DFC439F5000EDD2238C5D9F439C543
:1033E000DAF4DEC43CF5DEC43DF5DEC43EF5DEC4F1
:1033F0003FF506EF9AF04150690AD8B4C6EF99F04C
:10340000050AD8B4E1EF99F006EF9AF0010E4224D4
:10341000386E000E4320396E34C5D9F435C5DAF460
:1034200038C5DEF439C5DDF432C51EF533C51FF5E8
:103430003CC520F53DC521F53EC522F53FC523F528
:10344000AFECC8F07BEF9BF042C5F6F443C5F7F450
:10345000000EF86E0800F550780AD8B432EF9AF0F2
:1034600034EF9AF07CEF9AF042C5F6F443C5F7F4D6
:10347000000EF86E0800F550580AD8A442EF9AF0F2
:1034800044EF9AF0C2EF9AF07CEF9AF036C5D9F487
:1034900037C5DAF4DFC438F5020EDE26DFC439F5AD
:1034A000000EDD2238C5D9F439C5DAF4DEC43AF5A8
:1034B000DDC43BF53AC53CF53BC53DF53E6A3F6A88
:1034C00087EF9AF036C5D9F437C5DAF4DFC438F59A
:1034D000040EDE26DFC439F5000EDD2238C5D9F42E
:1034E00039C5DAF4DEC43CF5DEC43DF5DEC43EF594
:1034F000DEC43FF587EF9AF04150690AD8B446EF31
:103500009AF0050AD8B462EF9AF087EF9AF0010EAC
:103510004224386E000E4320396E34C5D9F435C5C7
:10352000DAF438C5DEF439C5DDF4B0EF9AF032C50F
:103530001EF533C51FF53CC520F53DC521F53EC53B
:1035400022F53FC523F542C5F6F443C5F7F4000E56
:10355000F86E0800F5C424F585ECD3F07BEF9BF002
:1035600042C5F6F443C5F7F4000EF86E0800F550B6
:10357000580AD8B497EF9AF0200AD8B497EF9AF087
:10358000C2EF9AF0406A34C5D9F435C5DAF4DEC426
:10359000F6F4DDC4F7F4000EF86E0800F550730A77
:1035A000D8A4D5EF9AF0D7EF9AF0E2EF9AF034C5AD
:1035B000D9F435C5DAF4DE2A000EDD22010E406EA4
:1035C00038EF9BF034C5D9F435C5DAF4DEC4F6F42F
:1035D000DDC4F7F4000EF86E0800F5506C0AD8A4AC
:1035E000F4EF9AF0F6EF9AF038EF9BF034C5D9F487
:1035F00035C5DAF4DEC438F5DDC439F5010E3826F8
:10360000000E392238C5F6F439C5F7F4000EF86E0D
:103610000800F5506C0AD8A410EF9BF012EF9BF055
:1036200038EF9BF034C5D9F435C5DAF4DEC438F58B
:10363000DDC439F5020E3826000E392238C5F6F4FD
:1036400039C5F7F4000EF86E0800F550730AD8A4D7
:103650002CEF9BF02EEF9BF038EF9BF0030E34C560
:10366000D9F435C5DAF4DE26000EDD22DEEF9AF05D
:103670004050D8B43EEF9BF040EF9BF05CEF9BF0E6
:1036800032C50EF533C50FF536C5D9F437C5DAF4B2
:10369000DFC438F5020EDE26DFC439F5000EDD2268
:1036A00038C5D9F439C5DAF4DEC410F5DDC411F536
:1036B00087ECCFF07BEF9BF034C5D9F435C5DAF455
:1036C000DE2A000EDD227BEF9BF034C5D9F435C530
:1036D000DAF4DEC4F6F4DDC4F7F4000EF86E080088
:1036E000F550056E066A32C507F533C508F58EEC50
:1036F000E3F05CEF9BF01200020E0501E56FCA518A
:10370000C911C81109E1020EC75DD8A08AEF9BF06C
:103710008CEF9BF0F0EF9DF020EE14F0C551D92610
:10372000C651DA22DE50C75DDE50C859DE50C95995
:10373000DE50CA59D8B09FEF9BF0A1EF9BF0F0EF9D
:103740009DF0DDEF9DF0C7C5E3F5C8C5E4F5D89061
:10375000E431D06FE331CF6FCF51E327D051E42371
:10376000C5C5BAF5C6C5BBF520EE20F0C551D926B2
:10377000C651DA22DEC4CFF5DEC4D0F5DEC4D1F501
:10378000DEC4D2F5E3C5D3F5E4C5D4F5090ED56F93
:10379000D890D433D333D52FC8EF9BF0D351CF2556
:1037A000BC6FD451D021BD6F000ED121BE6F000E71
:1037B000D221BF6FF3ECE3F00501E56FE551D8B41A
:1037C000E4EF9BF0E6EF9BF0E8EF9BF0F0EF9DF06D
:1037D000FF0EE315CF6F010EE415D06FCF51C52555
:1037E000D16FD051C621D26F300ED125E16F000EBE
:1037F000D221E26FE34BE42BC7B101EF9CF003EF62
:103800009CF008EF9CF0CBC5DDF5DE6B22EF9CF061
:10381000CB51CF6FD06BCF3BD03BF00ED017CF51F9
:103820000F0BD013F00ECF17E1C5D9F4E2C5DAF4CF
:10383000DF500F0BD16FD26BCF51D111DD6FD05153
:10384000D211DE6FE1C5D9F4E2C5DAF4DDC5DFF4EB
:1038500020EE04F0C551D926C651DA22010EDF6EE2
:10386000C5C5BAF5C6C5BBF520EE20F0C551D926B1
:10387000C651DA22DEC4CFF5DEC4D0F5DEC4D1F500
:10388000DEC4D2F5E3C5D3F5E4C5D4F5090ED56F92
:10389000D890D433D333D52F48EF9CF0D351CF25D4
:1038A000BC6FD451D021BD6F000ED121BE6F000E70
:1038B000D221BF6FF3ECE3F00501E56FE551D8B419
:1038C00064EF9CF066EF9CF068EF9CF0F0EF9DF0E9
:1038D000FF0EE315CF6F010EE415D06FCF51C52554
:1038E000D16FD051C621D26F300ED125E16F000EBD
:1038F000D221E26FC7B17FEF9CF081EF9CF09FEF88
:103900009CF0CBC5CFF5CCC5D0F5CDC5D1F5CEC596
:10391000D2F5D0C5CFF5D1C5D0F5D2C5D1F5D26B92
:103920000F0ECF17E1C5D9F4E2C5DAF4DF50F00B82
:10393000CF11D36FD351DF6FE06BB5EF9CF0CBC5E8
:10394000CFF5CCC5D0F5CDC5D1F5CEC5D2F5050E98
:10395000AFEF9CF0D890D233D133D033CF33E82EB1
:10396000AAEF9CF0CF51DF6FE06BE1C5D9F4E2C55F
:10397000DAF4DFC5DFF420EE04F0C551D926C651D4
:10398000DA22010EDF6EF0EF9DF0C5C5BAF5C6C5AF
:10399000BBF520EE20F0C551D926C651DA22DEC48F
:1039A000CFF5DEC4D0F5DEC4D1F5DEC4D2F5C7C58F
:1039B000D3F5C8C5D4F5C9C5D5F5CAC5D6F5D4C59E
:1039C000D3F5D5C5D4F5D6C5D5F5D66BCF51D3250E
:1039D000BC6FD051D421BD6FD151D521BE6FD25112
:1039E000D621BF6FF3ECE3F00501E56FE551D8B4E4
:1039F000FCEF9CF0FEEF9CF000EF9DF0F0EF9DF0EF
:103A0000C7C5CFF5C8C5D0F5D890CF37D037FF0E92
:103A1000CF15D16F010ED015D26FD151C525D36FFF
:103A2000D251C621D46F300ED325046E000ED4219E
:103A3000056ECBC506F5CCC507F537ECF6F00501EC
:103A400020EE04F0C551D926C651DA22010EDF6EF0
:103A5000F0EF9DF0C5C5BAF5C6C5BBF520EE20F068
:103A6000C551D926C651DA22DEC4CFF5DEC4D0F561
:103A7000DEC4D1F5DEC4D2F5C7C5D3F5C8C5D4F5CB
:103A8000C9C5D5F5CAC5D6F5080E4CEF9DF0D8903E
:103A9000D633D533D433D333E82E47EF9DF0CF510F
:103AA000D325BC6FD051D421BD6FD151D521BE6F6C
:103AB000D251D621BF6FF3ECE3F00501E56FE5517C
:103AC000D8B465EF9DF067EF9DF069EF9DF0F0EFE2
:103AD0009DF0C7C5CFF5C8C5D0F5D890CF37D03742
:103AE000D890CF37D037FF0ECF15D16F010ED0153C
:103AF000D26FD151C525D36FD251C621D46F300EAC
:103B0000D325046E000ED421056EDAECE5F0000E2C
:103B100004140501D56F000E0514D66F000E0614AF
:103B2000D76FF00E0714D86FFF0ECB15D96FFF0EAD
:103B3000CC15DA6FFF0ECD15DB6F0F0ECE15DC6FD7
:103B4000D551D911CB6FD651DA11CC6FD751DB11CA
:103B5000CD6FD851DC11CE6FC7C5CFF5C8C5D0F534
:103B6000D890CF37D037D890CF37D037FF0ECF157A
:103B7000D16F010ED015D26FD151C525D36FD2515F
:103B8000C621D46F300ED325046E000ED421056EED
:103B9000CBC506F5CCC507F5CDC508F5CEC509F5ED
:103BA0006FECF0F0050120EE04F0C551D926C651A6
:103BB000DA22010EDF6EF0EF9DF0C5C5D9F4C6C55F
:103BC000DAF4DF50010AD8B4A3EF9BF0030AD8B4AB
:103BD000C5EF9CF0010AD8B42AEF9DF0F0EF9DF0FC
:103BE000E5511200266A000E276E000E286E000EA8
:103BF000296E000E2A6E10C52BF511C52CF515BEC9
:103C00000DEF9EF0155007E1250E145CD8B00BEFB8
:103C10009EF00DEF9EF016EF9EF014041510D8A440
:103C200014EF9EF016EF9EF01CEF9EF007011A6B4A
:103C3000160E196F16EFA0F02B502C10D8B423EFEE
:103C40009EF025EF9EF016EFA0F02BC5D9F42CC501
:103C5000DAF4DF50D8A42FEF9EF031EF9EF033EF6F
:103C60009EF016EFA0F02BC5D9F42CC5DAF4DF5086
:103C70002D6E43EF9EF02B4A2C2A2BC5D9F42CC570
:103C8000DAF4DF502D6E200E2D18D8B44AEF9EF0D6
:103C90004CEF9EF03BEF9EF02DC517F5F70E172663
:103CA000040E176456EF9EF058EF9EF03BEF9EF027
:103CB0002D0E2D18D8A45FEF9EF061EF9EF06DEFF2
:103CC0009EF0010E266E2B4A2C2A2BC5D9F42CC54A
:103CD000DAF4DF502D6E78EF9EF02B0E2D18D8A45D
:103CE00074EF9EF076EF9EF078EF9EF063EF9EF01B
:103CF000300E2D18D8A47FEF9EF081EF9EF018EFC4
:103D00009FF02B4A2C2A2BC5D9F42CC5DAF4DF50AE
:103D10002D6E14501510D8B490EF9EF092EF9EF0D7
:103D20009CEF9EF0100E14181510D8A49AEF9EF078
:103D30009CEF9EF00BEF9FF0780E2D18D8B4A3EFF8
:103D40009EF0A5EF9EF0AEEF9EF0580E2D18D8A471
:103D5000ACEF9EF0AEEF9EF00BEF9FF0156A100EE9
:103D6000146E2B4A2C2A2BC5D9F42CC5DAF4DF505B
:103D70002D6E2DC517F5200E17129F0E17261A0E41
:103D80001760C5EF9EF0C7EF9EF0EBEF9EF02DC5DC
:103D900017F59F0E1726190E1764D1EF9EF0D3EF7B
:103DA0009EF0D8EF9EF02DC51EF51F6ADFEF9EF046
:103DB0002DC517F55F0E171617501E6E1F6A1EC50C
:103DC00017F5C90E1726100E1760E9EF9EF0EBEFFE
:103DD0009EF005EF9FF02DC517F5200E17129F0ED0
:103DE0001726190E1764F7EF9EF0F9EF9EF018EF03
:103DF0009FF02DC517F5D00E1726090E176403EF97
:103E00009FF005EF9FF018EF9FF026842B06D8A0B7
:103E10002C0616EFA0F0268414501510D8A413EF2A
:103E20009FF015EF9FF018EF9FF0156A080E146EC3
:103E300014501510D8A41FEF9FF021EF9FF024EF2E
:103E40009FF0156A0A0E146E1650D8B42AEF9FF030
:103E50002CEF9FF047EF9FF026B031EF9FF033EF4C
:103E60009FF03DEF9FF0FF0E226EFF0E236EFF0EC0
:103E7000246E7F0E256E4BEF9FF0000E226E000E1B
:103E8000236E000E246E800E256E4BEF9FF022688D
:103E900023682468256827C51AF528C51BF529C598
:103EA0001CF52AC51DF52DC517F5200E17129F0EFE
:103EB00017261A0E17605FEF9FF061EF9FF07EEFFD
:103EC0009FF02DC517F59F0E1726190E17646BEF7F
:103ED0009FF06DEF9FF072EF9FF02DC520F5216AE6
:103EE00079EF9FF02DC517F55F0E17161750206E4E
:103EF000216A2050C90F2D6E8CEF9FF02DC517F54C
:103F0000D00E17260A0E176088EF9FF08AEF9FF0F9
:103F100004EFA0F0300E2D5E2D50176E186A14506D
:103F2000175C1850800A196E1550800A1958D8A0CD
:103F30009CEF9FF09EEF9FF0A0EF9FF004EFA0F0AA
:103F400026B2A5EF9FF0A7EF9FF0F9EF9FF014C501
:103F500004F515C505F5000E05BEFF0E066E076ECD
:103F600027C508F528C509F529C50AF52AC50BF5A1
:103F7000A5ECF0F02D500424276E000E0520286ECD
:103F8000000E0620296E000E07202A6E1A50275CAC
:103F90001B5028581C5029581D502A58D8A0D3EF20
:103FA0009FF0D5EF9FF0ECEF9FF01650D8B4DBEF09
:103FB0009FF0DDEF9FF0F9EF9FF02750225C285033
:103FC0002358295024582A502558D8B0EAEF9FF09A
:103FD000ECEF9FF0F9EF9FF022C527F523C528F5F8
:103FE00024C529F525C52AF507011A6B220E196F7C
:103FF00026822B4A2C2A2BC5D9F42CC5DAF4DF50A3
:104000002D6E26844BEF9FF02650030BE806D8A4B4
:104010000CEFA0F00EEFA0F016EFA0F02A1E291E64
:10402000281E276C000E282229222A221250131043
:10403000D8B41DEFA0F01FEFA0F032EFA0F026B42F
:1040400024EFA0F026EFA0F02AEFA0F010C52BF58A
:1040500011C52CF512C5D9F413C5DAF42BC5DEF45D
:104060002CC5DDF427C510F528C511F529C512F5B5
:104070002AC513F512000701606B000E5F6F266BF7
:10408000000E256F3C6B3D6B3A6B40ECDDF0056A32
:10409000050E046E28ECDEF004ECEDF0A90E4C6E7B
:1040A000FE0E4D6EA50E4E6EFA0E4F6E5FECF6F0E4
:1040B000FEECF6F049ECEFF02CECF5F0D0ECE9F08A
:1040C00060C537F761C538F7F6ECB4F082ECF3F071
:1040D0000601AFBF70EFA0F06EEFA0F072EFA0F09E
:1040E00070EFA0F0E4ECADF00601F3BF7CEFA0F0C0
:1040F0007AEFA0F09BEFA0F07CEFA0F0F90E712515
:10410000DA6FFF0E7221DB6F71C704F572C705F518
:1041100028ECDEF0BEEFA0F0DB6B040EDA6F84EF6C
:10412000A0F0DB6B050EDA6F84EFA0F0DB6B000E06
:10413000DA6FBEEFA0F071C7D4F772C7D5F70701E9
:10414000D551000AD8B4A7EFA0F096EFA0F0D45153
:10415000080AD8B47EEFA0F0010AD8B47EEFA0F030
:10416000030AD8B47EEFA0F0060AD8B48CEFA0F012
:104170001C0AD8B491EFA0F096EFA0F0220E4C6E7E
:10418000FE0E4D6ED8900701DA35D96EDB35DA6E4A
:10419000480ED926080EDA22DEC44EF5DDC44FF5EE
:1041A0005FECF6F0D8ECF7F007015C6B000E5B6F8C
:1041B0005E6B000E5D6FD96B010ED86F366B000E13
:1041C000356F9D0E4C6EFE0E4D6E5FECF6F0C80E18
:1041D0004C6EFC0E4D6E5FECF6F0720E4C6EFC0EEB
:1041E0004D6E5FECF6F05C0E4C6EFC0E4D6E5FECAF
:1041F000F6F0880E4C6EFB0E4D6E5FECF6F0040E82
:104200004C6EFF0E4D6E5FECF6F0000E4C6EFC0E29
:104210004D6E5FECF6F0910E4C6EFE0E4D6E5FEC47
:10422000F6F0D90E4C6EFE0E4D6E5FECF6F0FB0E06
:104230004C6EFF0E4D6E5FECF6F041ECF4F004C5F1
:10424000DAF705C5DBF7D00E0701DA25D66FFF0ECA
:10425000DB21D76FD75107E1080ED65DD8B033EF19
:10426000A1F035EFA1F042EFA1F0DA5185ECF7F0C3
:10427000080E85ECF7F0D00E0701DA25D86FFF0E97
:10428000DB21D96F0D0EDA19DB11D8B44AEFA1F09A
:104290004CEFA1F056EFA1F00A0EDA19DB11D8A409
:1042A00054EFA1F056EFA1F01DEFA1F08C0E4C6E73
:1042B000F40E4D6E5FECF6F0B20E07010F6F610E5B
:1042C000106F010E116FDB6B000EDA6F5FC725F701
:1042D00060C726F731EFA2F0B1ECA4F0D4EFA0F064
:1042E0006A0E0601F26FFE0EF36F6FC704F570C71A
:1042F00005F56DC706F56EC707F5B9ECF5F004C511
:10430000F4F605C5F5F606C5F6F607C5F7F60FECA3
:10431000CBF0F2C6DAF7F3C6DBF75BEFA2F0770E6D
:104320000601F86FFE0EF96FD9ECDBF0F8C6DAF78C
:10433000F9C6DBF75BEFA2F05D0E0601F86FFE0E2B
:10434000F96FD9ECDBF0F8C6DAF7F9C6DBF75BEF0B
:10435000A2F0CD0E0601F86FFE0EF96FD9ECDBF07E
:10436000F8C6DAF7F9C6DBF75BEFA2F0C10E06017B
:10437000F86FFE0EF96FD9ECDBF0F8C6DAF7F9C684
:10438000DBF75BEFA2F0780E0601A96FFF0EAA6FB4
:104390008FECD6F00601A951AA11D8B4D2EFA1F042
:1043A000D4EFA1F0D6EFA1F0D4EFA0F0F36B010EA3
:1043B000F26FF8ECBDF00601F3BFE3EFA1F0E1EF1F
:1043C000A1F0EBEFA1F0F20E4C6EFC0E4D6E5FEC27
:1043D000F6F0D4EFA0F0E2ECC2F00601F851F911CA
:1043E000D8B4F5EFA1F0F7EFA1F05BEFA2F0D4EFB6
:1043F000A0F0810E0601A96FFF0EAA6F8FECD6F018
:104400000601A951AA11D8B408EFA2F00AEFA2F050
:104410000CEFA2F0D4EFA0F0F36B020EF26FF8EC09
:10442000BDF00601F3BF19EFA2F017EFA2F021EFE4
:10443000A2F0F20E4C6EFC0E4D6E5FECF6F0D4EF77
:10444000A0F058ECDAF06CECB7F00601F851F91175
:10445000D8B42DEFA2F02FEFA2F05BEFA2F0D4EFD3
:10446000A0F0D8C7D4F7D9C7D5F7D551000AD8B42A
:104470003CEFA2F0F9EFA1F0D451000AD8B46CEFF0
:10448000A1F0010AD8B470EFA1F0030AD8B48FEFFD
:10449000A1F0010AD8B49CEFA1F0070AD8B4A9EFA3
:1044A000A1F0010AD8B4B6EFA1F0030AD8B4C3EF63
:1044B000A1F0F9EFA1F00701DA51DB11D8B463EFF5
:1044C000A2F065EFA2F06DEFA2F0200E4C6EFA0E96
:1044D0004D6E5FECF6F0D4EFA0F08C0E4C6EF40E47
:1044E0004D6E5FECF6F0E4ECF7F066ECF4F082EC85
:1044F000E9F0E7ECF7F0D4EFA0F085EF00F00FC69D
:10450000D9F410C6DAF4DEC417F6DDC418F60601D5
:1045100020EE0EF00F51D9261051DA22DEC4F4F548
:10452000DEC4F5F5DEC4F6F5DEC4F7F5200E0501B0
:10453000F4250601136F000E0501F5210601146F25
:10454000000E0501F6210601156F000E0501F72189
:104550000601166F165109E1200E155DD8A0B3EFC4
:10456000A2F0B5EFA2F0BFEFA2F020EE16F00F51CF
:10457000D9261051DA22DE6ADE6ADE6ADD6A20EEB2
:1045800016F00F51D9261051DA22DE50DE10DE105F
:10459000DE10D8A4CEEFA2F0D0EFA2F0D3EFA2F0BD
:1045A000040EB0EFA4F0FF0E13150501F46F010E19
:1045B000060114150501F56F000E0601151505011C
:1045C000F66F000E060116150501F76FF451F5118F
:1045D000F611F711D8A4EFEFA2F0F1EFA2F07EEF01
:1045E000A4F0060120EE16F00F51D9261051DA2260
:1045F000DE2A000EDE22DE22DE2220EE12F00F5135
:10460000D9261051DA22DE50DE10DE10DE10D8A4DA
:104610000CEFA3F00EEFA3F04EEFA3F020EE08F0A6
:104620001751D9261851DA22DEC4F4F5DDC4F5F5A8
:104630000501F451F66FF551F76FF86BF96B13C67E
:10464000FAF514C6FBF515C6FCF516C6FDF5060E03
:104650002FEFA3F0D890FD33FC33FB33FA33E82E71
:104660002AEFA3F0F651FA5DF751FB59F851FC59C6
:10467000F951FD59D8A03FEFA3F041EFA3F07EEF31
:10468000A4F0060120EE16F00F51D9261051DA22BF
:10469000DE6ADE6ADE6ADD6AD0EFA2F020EE0AF0A2
:1046A0001751D9261851DA22DEC4F4F5DDC4F5F528
:1046B000FF0E0501F425F66FFF0EF521F76F13C607
:1046C000F8F514C6F9F515C6FAF516C6FBF50A0E87
:1046D0006FEFA3F0D890FB33FA33F933F833E82EB9
:1046E0006AEFA3F0F651F815FC6FF751F915FD6F5D
:1046F000000EFA15FE6F000EFB15FF6FFC51FD1149
:10470000FE11FF11D8A487EFA3F089EFA3F07EEF8D
:10471000A4F00FC6C5F510C6C6F5060120EE12F0CE
:104720000F51D9261051DA22DEC4C7F5DEC4C8F510
:10473000DEC4C9F5DEC4CAF5D3ECA6F0C5C519F6CA
:10474000C6C51AF6C7C51BF6C8C51CF606011C511E
:104750001B111A1107E1020E195DD8B0B2EFA3F0D8
:10476000B4EFA3F0B7EFA3F0020EB0EFA4F0192955
:104770000AE11A2908E11B2906E11C29D8A4C3EF84
:10478000A3F0C5EFA3F0C8EFA3F0010EB0EFA4F0C3
:1047900020EE14F01751D9261851DA22DE50195D97
:1047A000DE501A59DE501B59DE501C59D8A0DBEFE1
:1047B000A3F0DDEFA3F052EFA4F011511211D8A431
:1047C000E4EFA3F0E6EFA3F0F2EFA3F020EE16F093
:1047D0000F51D9261051DA22DE6ADE6ADE6ADD6AFE
:1047E000D0EFA2F00FC6E6F510C6E7F520EE12F006
:1047F0000F51D9261051DA22DEC4E8F5DEC4E9F5FE
:10480000DEC4EAF5DEC4EBF5E6EC95F0E6C519F694
:10481000E7C51AF6E8C51BF6E9C51CF606011951ED
:104820001A111B111C11D8A418EFA4F01AEFA4F050
:104830001DEFA4F0070EB0EFA4F019051A111B111B
:104840001C11D8A426EFA4F028EFA4F02AEFA4F0BE
:10485000B4EFA3F019290AE11A2908E11B2906E19E
:104860001C29D8A436EFA4F038EFA4F03AEFA4F056
:10487000C5EFA3F017C6BAF518C6BBF519C6BCF547
:104880001AC6BDF51BC6BEF51CC6BFF53CECD2F082
:104890000009D8B44EEFA4F050EFA4F052EFA4F00A
:1048A000C5EFA3F0060120EE12F00F51D9261051EA
:1048B000DA2219C6DEF41AC6DEF41BC6DEF41CC604
:1048C000DEF417C610F518C611F519C612F51AC68A
:1048D00013F51BC614F51CC615F55EECE2F00601D7
:1048E00020EE16F00F51D9261051DA2210C5DEF451
:1048F00011C5DEF412C5DEF413C5DEF4060120EEA8
:104900000EF00F51D9261051DA2213C6DEF414C668
:10491000DEF415C6DEF416C6DEF4FF0E131505012F
:10492000F46F010E060114150501F56FF45106012F
:1049300017250501F66FF551060118210501F76FDE
:10494000300EF627000EF723060120EE1AF00F5165
:10495000D9261051DA22F6C5DEF4F7C5DDF4000ED3
:10496000120005016E6B55C70FF556C710F5750E91
:10497000116E050E126E710E136E050E146E730E0F
:10498000156E050E166EF9ECD5F00501765109E1AC
:10499000500E755DD8A0CFEFA4F0D1EFA4F0D7EF03
:1049A000A4F06C0E7527070E7623DBEFA4F0D00E73
:1049B0007527070E7623170E4C6EFC0E4D6E75C5CF
:1049C0004EF576C54FF571C550F572C551F573C5F5
:1049D00052F574C553F55FECF6F05A0E05016F6F92
:1049E0001B0E706F6FC560F570C561F5636B500E7F
:1049F000626F39ECD8F0050160516111D8B403EF52
:104A0000A5F005EFA5F0D3EFA5F06FC50FF570C5C4
:104A100010F5770E116E050E126E7B0E136E050EDD
:104A2000146E790E156E050E166EB4ECDDF00F5097
:104A30001010D8B41EEFA5F020EFA5F028EFA5F0D8
:104A40006C0E4C6EFB0E4D6E5FECF6F0DBEFA4F0DF
:104A5000BC0E0501775D070E7859D8A032EFA5F09E
:104A600034EFA5F03FEFA5F0200E775D080E7859E2
:104A7000D8A03DEFA5F03FEFA5F047EFA5F06C0EF5
:104A80004C6EFB0E4D6E5FECF6F0DBEFA4F07C514C
:104A900007E10D0E7B5DD8B050EFA5F052EFA5F009
:104AA0005BEFA5F07B517C11D8A459EFA5F05BEF2B
:104AB000A5F063EFA5F06C0E4C6EFB0E4D6E5FEC37
:104AC000F6F0DBEFA4F0020E7B197C11D8A46BEF9B
:104AD000A5F06DEFA5F090EFA5F01D0E79197A11F4
:104AE000D8A475EFA5F077EFA5F090EFA5F077C506
:104AF00009F578C50AF58BECEDF009500A10D8B429
:104B000084EFA5F086EFA5F088EFA5F0C4EFA5F03F
:104B10006C0E4C6EFB0E4D6E5FECF6F0DBEFA4F00E
:104B20007BC56AF57CC56BF5D8906A376B37FE0E8E
:104B30006A256C6FFF0E6B216D6FFD0E6C25F66E96
:104B4000F30E6D21F76EF86A000EF8227951090014
:104B5000F55C7A510900F558D8A0B1EFA5F0B3EF94
:104B6000A5F0BCEFA5F079517A11D8A4BAEFA5F061
:104B7000BCEFA5F0C4EFA5F06C0E4C6EFB0E4D6EB5
:104B80005FECF6F0DBEFA4F077C575F578C576F548
:104B90007BC571F57CC572F579C573F57AC574F579
:104BA000010E05016E6F58C777F5786B57C77BF517
:104BB0007C6B5AC779F57A6B2E0E4C6EFC0E4D6EDF
:104BC00058C74EF54F6A57C750F5516A5AC752F544
:104BD000536A5FECF6F05A0E05016F6F1B0E706F93
:104BE0006FC560F570C561F5636B500E626F39EC8F
:104BF000D8F0050160516111D8B401EFA6F003EFC0
:104C0000A6F06DEFA6F06FC50FF570C510F5770E25
:104C1000116E050E126E7B0E136E050E146E790E5C
:104C2000156E050E166EB4ECDDF00F501010D8B4F2
:104C30001CEFA6F01EEFA6F026EFA6F06C0E4C6E51
:104C4000FB0E4D6E5FECF6F0DCEFA5F00501785140
:104C500009E1180E775DD8A030EFA6F032EFA6F08C
:104C60003AEFA6F06C0E4C6EFB0E4D6E5FECF6F05C
:104C7000DCEFA5F07C5109E13C0E7B5DD8A043EF51
:104C8000A6F045EFA6F04DEFA6F06C0E4C6EFB0EB5
:104C90004D6E5FECF6F0DCEFA5F07A5109E13C0EC9
:104CA000795DD8A056EFA6F058EFA6F060EFA6F019
:104CB0006C0E4C6EFB0E4D6E5FECF6F0DCEFA5F06B
:104CC000A19E77C558F77BC557F779C55AF70DEC04
:104CD000F1F0A18E010E05016E6F6E51D8B473EF25
:104CE000A6F075EFA6F0D2EFA6F075C515F576C55E
:104CF00016F571C517F572C518F573C519F574C5A4
:104D00001AF553ECE0F015C555F716C556F707012F
:104D100037513811D8B48FEFA6F091EFA6F0AEEF6F
:104D2000A6F00DECF1F0000E046E070E056E4E0EAF
:104D3000066E070E076ED00E4FECEBF0FF0AD8A4FC
:104D4000A4EFA6F0A6EFA6F0AEEFA6F0560E4C6EBE
:104D5000FB0E4D6E5FECF6F0D2EFA6F0780E4C6EC7
:104D6000F90E4D6E75C54EF576C54FF571C550F50A
:104D700072C551F573C552F574C553F55FECF6F085
:104D8000050E4C6EFA0E4D6E77C54EF578C54FF593
:104D90007BC550F57CC551F579C552F57AC553F5FB
:104DA0005FECF6F01200C5C5D9F4C6C5DAF4DEC46E
:104DB000DDF5DDC4DEF50501CA51C911C81109E1EF
:104DC000020EC75DD8A0E7EFA6F0E9EFA6F0FEEF70
:104DD000A6F020EE14F0DD51D926DE51DA22DE50A5
:104DE000C75DDE50C859DE50C959DE50CA59D8A037
:104DF000FCEFA6F0FEEFA6F008EFA7F0010ED76FCC
:104E0000000ED86F000ED96F000EDA6FC0EFA8F059
:104E1000D769D869D969DA69ADEFA8F0C7C5DBF5FC
:104E2000C8C5DCF5D890DC31CC6FDB31CB6FCB5112
:104E3000DB27CC51DC23DDC5BAF5DEC5BBF520EEA2
:104E400020F0DD51D926DE51DA22DEC4CBF5DEC4F6
:104E5000CCF5DEC4CDF5DEC4CEF5DBC5CFF5DCC5C3
:104E6000D0F5090ED16FD890D033CF33D12F33EF97
:104E7000A7F0CF51CB25BC6FD051CC21BD6F000E18
:104E8000CD21BE6F000ECE21BF6FF3ECE3F0000921
:104E9000D8B44DEFA7F04FEFA7F051EFA7F0C0EF58
:104EA000A8F0FF0E0501DB15CB6F010EDC15CC6FF2
:104EB000CB51DD25CD6FCC51DE21CE6F300ECD250F
:104EC000D96E000ECE21DA6EDF50CF6FCF51D56F85
:104ED000D66BDB4BDC2BDDC5BAF5DEC5BBF520EEB2
:104EE00020F0DD51D926DE51DA22DEC4CBF5DEC456
:104EF000CCF5DEC4CDF5DEC4CEF5DBC5CFF5DCC523
:104F0000D0F5090ED16FD890D033CF33D12F83EFA6
:104F1000A7F0CF51CB25BC6FD051CC21BD6F000E77
:104F2000CD21BE6F000ECE21BF6FF3ECE3F0000980
:104F3000D8B49DEFA7F09FEFA7F0A1EFA7F0C0EFC7
:104F4000A8F0FF0E0501DB15CB6F010EDC15CC6F51
:104F5000CB51DD25CD6FCC51DE21CE6F300ECD256E
:104F6000D96E000ECE21DA6EDF50CF6FCF51D16FE8
:104F7000D06BD051D513D151D613C7B1C2EFA7F022
:104F8000C4EFA7F0CCEFA7F0FF0ED515D36F0F0E2F
:104F9000D615D46FDCEFA7F0D5C5CBF5D6C5CCF5CB
:104FA000040ECD6FD890CC33CB33CD2FD2EFA7F0FA
:104FB000CBC5D3F5CCC5D4F5D3C5D7F5D4C5D8F575
:104FC000D96BDA6BC0EFA8F0DDC5BAF5DEC5BBF56D
:104FD00020EE20F0DD51D926DE51DA22DEC4CBF5F9
:104FE000DEC4CCF5DEC4CDF5DEC4CEF5C7C5CFF545
:104FF000C8C5D0F5C9C5D1F5CAC5D2F5D0C5CFF55C
:10500000D1C5D0F5D2C5D1F5D26BCB51CF25BC6F70
:10501000CC51D021BD6FCD51D121BE6FCE51D22107
:10502000BF6FF3ECE3F00009D8B419EFA8F01BEF61
:10503000A8F01DEFA8F0C0EFA8F0C7C5CBF5C8C514
:10504000CCF5D8900501CB37CC37FF0ECB15CD6F03
:10505000010ECC15CE6FCD51DD25CF6FCE51DE21A7
:10506000D06F300ECF25046E000ED021056E81EC7E
:10507000F5F004C5D7F505C5D8F50501D96BDA6B90
:10508000C0EFA8F0DDC5BAF5DEC5BBF520EE20F017
:10509000DD51D926DE51DA22DEC4CBF5DEC4CCF5F3
:1050A000DEC4CDF5DEC4CEF5C7C5CFF5C8C5D0F595
:1050B000C9C5D1F5CAC5D2F5080E64EFA8F0D890DD
:1050C000D233D133D033CF33E82E5FEFA8F0CB51BA
:1050D000CF25BC6FCC51D021BD6FCD51D121BE6F3A
:1050E000CE51D221BF6FF3ECE3F00009D8B47BEFCF
:1050F000A8F07DEFA8F07FEFA8F0C0EFA8F0C7C53B
:10510000CBF5C8C5CCF50501D890CB37CC37D890B6
:10511000CB37CC37FF0ECB15CD6F010ECC15CE6F34
:10512000CD51DD25CF6FCE51DE21D06F300ECF2592
:10513000046E000ED021056EDAECE5F0FF0E0414CB
:105140000501D76FFF0E0514D86FFF0E0614D96F37
:105150000F0E0714DA6FC0EFA8F0DDC5D9F4DEC575
:10516000DAF4DF50010AD8B40EEFA7F0030AD8B47E
:10517000E4EFA7F0010AD8B442EFA8F0FEEFA6F0E2
:10518000D7C5C5F5D8C5C6F5D9C5C7F5DAC5C8F5BB
:105190001200DFC5D9F4E0C5DAF4DEC4F7F5DDC4EA
:1051A000F8F50501E45107E1200EE35DD8B0DBEF2F
:1051B000A8F0DDEFA8F0F4EFA8F01F0EE115E56F01
:1051C000000EE215E66F000EE315E76F000EE41522
:1051D000E86FE551E611E711E811D8B4F2EFA8F055
:1051E000F4EFA8F0F7EFA8F0020E8DEFAAF020EE92
:1051F0000EF0DF51D926E051DA22E1C5DEF4E2C536
:10520000DEF4E3C5DEF4E4C5DEF420EE06F0DF51A3
:10521000D926E051DA22DEC4F3F5DEC4F4F5DEC4AB
:10522000F5F5DEC4F6F5F351F411F511F611D8A435
:105230001CEFA9F01EEFA9F038EFA9F0F7C5D9F4DB
:10524000F8C5DAF4020EDF6428EFA9F02AEFA9F01E
:1052500038EFA9F020EE24F0F751D926F851DA22E0
:10526000DEC4F3F5DEC4F4F5DEC4F5F5DEC4F6F510
:10527000F351F411F511F611D8A441EFA9F043EF61
:10528000A9F08DEFA9F020EE08F0F751D926F851DA
:10529000DA22DEC4E5F5DDC4E6F5E551E76FE65157
:1052A000E86FE96BEA6BE1C5EBF5E2C5ECF5E3C548
:1052B000EDF5E4C5EEF5060E63EFA9F0D890EE33F8
:1052C000ED33EC33EB33E82E5EEFA9F0E751EB5D05
:1052D000E851EC59E951ED59EA51EE59D8A073EF74
:1052E000A9F075EFA9F077EFA9F0F4EFA8F020EEA0
:1052F00024F0F751D926F851DA2210EE16F0DF51DA
:10530000E126E051E222DEC4E6F4DEC4E6F4DEC4C7
:10531000E6F4DEC4E6F430EFAAF020EE0AF0F7512E
:10532000D926F851DA22DEC4E5F5DDC4E6F5E5510B
:10533000E76FE651E86FE96BEA6B090ED890E73743
:10534000E837E937EA37E82E9EEFA9F0E7C5EFF531
:10535000E8C5F0F5E9C5F1F5EAC5F2F504EFAAF004
:10536000DFC5C5F5E0C5C6F5F3C5C7F5F4C5C8F595
:10537000F5C5C9F5F6C5CAF5D3ECA6F0C5C5F3F574
:10538000C6C5F4F5C7C5F5F5C8C5F6F50501F32999
:105390000AE1F42908E1F52906E1F629D8A4D3EFBA
:1053A000A9F0D5EFA9F0D8EFA9F0010E8DEFAAF082
:1053B000F651F511F41109E1020EF35DD8A0E3EF07
:1053C000A9F0E5EFA9F0F4EFA8F020EE14F0F75102
:1053D000D926F851DA22DE50F35DDE50F459DE5062
:1053E000F559DE50F659D8A0F8EFA9F0FAEFA9F078
:1053F000FCEFA9F0F4EFA8F0EF51E15FF051E25BB0
:10540000F151E35BF251E45BEF51E15DF051E259A0
:10541000F151E359F251E459D8B011EFAAF013EF6A
:10542000AAF0B0EFA9F0F7C510F5F8C511F5F3C56E
:1054300012F5F4C513F5F5C514F5F6C515F55EECD2
:10544000E2F0050120EE16F0DF51D926E051DA2214
:1054500010C5DEF411C5DEF412C5DEF413C5DEF4AA
:1054600020EE12F0DF51D926E051DA22F3C5DEF446
:10547000F4C5DEF4F5C5DEF4F6C5DEF420EE16F074
:10548000DF51D926E051DA22DE50DE10DE10DE10C8
:10549000D8A44DEFAAF04FEFAAF051EFAAF0F4EF25
:1054A000A8F0E1C5E5F5E2C5E6F5E3C5E7F5E4C535
:1054B000E8F50A0E61EFAAF0D890E833E733E63357
:1054C000E533E82E5CEFAAF020EE16F0DF51D92686
:1054D000E051DA22E551DE26E651DE22E751DE22F6
:1054E000E851DE22FF0EE115E56F010EE215E66FD1
:1054F000E551F725E76FE651F821E86F300EE72711
:10550000000EE82320EE1AF0DF51D926E051DA220E
:10551000E7C5DEF4E8C5DDF4000E12000EC5D9F4CF
:105520000FC5DAF4DEC418F5DDC419F51C0E0C2421
:105530001C6E000E0D201D6E1CC504F51DC505F565
:10554000076A200E066E096A0B0E086E65ECF5F010
:105550001F6A000E1E6E1EC51AF51FC51BF5176AC1
:10556000080E166E1A501824106E1B501920116E5A
:1055700010C5F6F411C5F7F4000EF86E3F0EF7648F
:1055800003D00800F55005D0F6C4E9F4F7C4EAF4F6
:10559000EF50206E1A4A1B2A210E2060D2EFAAF08B
:1055A000D4EFAAF0D6EFAAF0EBEFABF02F0E201855
:1055B000D8B4DDEFAAF0DFEFAAF0ECEFAAF05C0EB2
:1055C0002018D8A4E6EFAAF0E8EFAAF02CEFABF091
:1055D000ECEFAAF01A4A1B2A1A501824106E1B501E
:1055E0001920116E10C5F6F411C5F7F4000EF86E0F
:1055F0003F0EF76403D00800F55005D0F6C4E9F477
:10560000F7C4EAF4EF502F0AD8B409EFABF00BEF70
:10561000ABF0EAEFAAF01A501824106E1B501920B4
:10562000116E10C5F6F411C5F7F4000EF86E3F0EBA
:10563000F76403D00800F55005D0F6C4E9F4F7C4C8
:10564000EAF4EF505C0AD8B428EFABF02AEFABF0E5
:10565000EAEFAAF0EBEFABF02E0E2018D8B433EF40
:10566000ABF035EFABF040EFABF016501E5C1750CF
:105670001F58D8A03EEFABF040EFABF05EEFABF0C1
:105680000B0E16181710D8B448EFABF04AEFABF07A
:1056900053EFABF02E0E2018D8B451EFABF053EF10
:1056A000ABF056EFABF0060E50EFACF01F6A080EF1
:1056B0001E6E176A0B0E166EB2EFAAF02050B7ECF2
:1056C000EAF004500510D8B468EFABF06AEFABF025
:1056D000B9EFABF01A501824106E1B501920116E40
:1056E00010C5F6F411C5F7F4000EF86E3F0EF7641E
:1056F00003D00800F55005D0F6C4E9F4F7C4EAF485
:10570000EF50156E1A4A1B2A155078ECDFF0045042
:105710000510D8B48EEFABF090EFABF053EFABF0D9
:10572000FF0E1624106EFF0E1720116E10501E5C17
:1057300011501F58D8A09FEFABF0A1EFABF0A3EF33
:10574000ABF053EFABF01E501C24D96E1F501D2040
:10575000DA6E20C5DFF41E4A1F2A1E501C24D96EA3
:105760001F501D20DA6E15C5DFF41E4A1F2AB2EF46
:10577000AAF0130E046EFE0E056E20C506F5076A2C
:1057800048ECEDF004500510D8B4C9EFABF0CBEF06
:10579000ABF0CDEFABF053EFABF0600E2064D3EF86
:1057A000ABF0D5EFABF0DFEFABF07B0E2060DBEFC3
:1057B000ABF0DDEFABF0DFEFABF0200E205E1E5064
:1057C0001C24D96E1F501D20DA6E20C5DFF41E4A3E
:1057D0001F2AB2EFAAF01A501824106E1B5019207D
:1057E000116E0EC5D9F40FC5DAF410C5DEF411C57B
:1057F000DDF41E501F10D8A400EFACF002EFACF0A7
:1058000004EFACF053EFABF01CC5D9F41DC5DAF4CE
:10581000E50EDE18D8A40FEFACF011EFACF017EFE7
:10582000ACF01CC5D9F41DC5DAF4050EDF6E200EF0
:1058300020641DEFACF01FEFACF044EFACF01A5059
:105840001824106E1B501920116E10C5F6F411C5E6
:10585000F7F4000EF86E3F0EF76403D00800F55021
:1058600005D0F6C4E9F4F7C4EAF4EF50126E200E46
:1058700012643DEFACF03FEFACF044EFACF0146AD3
:10588000000E136E47EFACF0146A040E136E20EE98
:105890000BF01C50D9261D50DA2213C5DFF4000E80
:1058A000120006C510F507C511F508500910D8A457
:1058B0005CEFACF05EEFACF060EFACF0E3EFADF0BE
:1058C00009500001836F08C582F0070E08140A6EA4
:1058D000000E09140B6E0A500B10D8A472EFACF036
:1058E00074EFACF089EFACF008C50AF509C50BF50B
:1058F000D8900B320A32D8900B320A32D8900B3241
:105900000A320B04D8A087EFACF089EFACF0BEEF01
:10591000ACF081690E6A010E0D6EA2EFACF00001D1
:105920008169B1A096EFACF098EFACF091EFACF0DC
:1059300010C5D9F411C5DAF480C0DFF4104A112A79
:105940000D4A0E2A08500D5C09500E58D8A0ABEF36
:10595000ACF0ADEFACF08FEFACF0B1A0B2EFACF0CB
:10596000B4EFACF0ADEFACF010C5D9F411C5DAF47A
:1059700080C0DFF4104A112AE3EFADF0816981693C
:10598000B1A0C5EFACF0C7EFACF0C0EFACF010C504
:10599000D9F411C5DAF480C0DFF4104A112A0001ED
:1059A0008169B1A0D6EFACF0D8EFACF0D1EFACF09C
:1059B00010C5D9F411C5DAF480C0DFF4104A112AF9
:1059C00000018169B1A0E7EFACF0E9EFACF0E2EFE4
:1059D000ACF010C5D9F411C5DAF480C0DFF4104A78
:1059E000112A00018169B1A0F8EFACF0FAEFACF038
:1059F000F3EFACF010C5D9F411C5DAF480C0DFF4D0
:105A0000104A112A00018169B1A009EFADF00BEF36
:105A1000ADF004EFADF010C5D9F411C5DAF480C0D3
:105A2000DFF4104A112A00018169B1A01AEFADF02C
:105A30001CEFADF015EFADF010C5D9F411C5DAF4D7
:105A400080C0DFF4104A112A00018169B1A02BEF58
:105A5000ADF02DEFADF026EFADF010C5D9F411C5C6
:105A6000DAF480C0DFF4104A112A08C50AF509C526
:105A70000BF5D8900B320A32D8900B320A32D890FC
:105A80000B320A320A500C6E010E0F6ED1EFADF0E0
:105A900000018169B1A04FEFADF051EFADF04AEFD9
:105AA000ADF010C5D9F411C5DAF480C0DFF4104AA6
:105AB000112A00018169B1A060EFADF062EFADF095
:105AC0005BEFADF010C5D9F411C5DAF480C0DFF496
:105AD000104A112A00018169B1A071EFADF073EF96
:105AE000ADF06CEFADF010C5D9F411C5DAF480C09B
:105AF000DFF4104A112A00018169B1A082EFADF0F4
:105B000084EFADF07DEFADF010C5D9F411C5DAF436
:105B100080C0DFF4104A112A00018169B1A093EF1F
:105B2000ADF095EFADF08EEFADF010C5D9F411C525
:105B3000DAF480C0DFF4104A112A00018169B1A0B3
:105B4000A4EFADF0A6EFADF09FEFADF010C5D9F426
:105B500011C5DAF480C0DFF4104A112A000181690E
:105B6000B1A0B5EFADF0B7EFADF0B0EFADF010C54F
:105B7000D9F411C5DAF480C0DFF4104A112A00010B
:105B80008169B1A0C6EFADF0C8EFADF0C1EFADF0E7
:105B900010C5D9F411C5DAF480C0DFF4104A112A17
:105BA0000F2A0C500F5CD8A0D8EFADF0DAEFADF0B3
:105BB00048EFADF0B1A0DFEFADF0E1EFADF0DAEF1F
:105BC000ADF0B4EFACF012005A0E0701806F1B0E5F
:105BD000816FFA0E4C6EFE0E4D6E2C0E4E6EFF0E49
:105BE0004F6E5FECF6F0380E0601A26F150EA36F34
:105BF0002C0EA46FFF0EA56F010EA66F22EC92F083
:105C000007017B6F7B51D8B408EFAEF00AEFAEF01E
:105C100000EFAFF0D10E4C6EFD0E4D6E2C0E4E6EA1
:105C2000FF0E4F6E5FECF6F00601F269F36967EF65
:105C3000AFF080C704F581C705F579ECECF080C7BB
:105C4000D9F481C7DAF43B0EDE18D8B42AEFAEF0EF
:105C50002CEFAEF000EFAFF080C7D9F481C7DAF4D3
:105C6000DF50D8A436EFAEF038EFAEF03AEFAEF03A
:105C700000EFAFF007017F6B000E7E6F80C70BF562
:105C800081C70CF5000E0601F46F080EF56FD89071
:105C900007017E35D96E7F35DA6ED890D936DA367F
:105CA0000601F451D926F551DA22DEC40DF5DDC422
:105CB0000EF509ECDFF00B500C10D8A462EFAEF03B
:105CC00064EFAEF066EFAEF0EFEFAEF0000E06015F
:105CD000F46F080EF56FD89007017E35D96E7F35C9
:105CE000DA6ED890D936DA360601F451D926F55154
:105CF000DA22DEC404F5DDC405F50AECF3F0045045
:105D000007018025D96E05508121DA6E3D0EDE181F
:105D1000D8B48DEFAEF08FEFAEF091EFAEF0EFEFC5
:105D2000AEF0000E0601F46F080EF56FD890070173
:105D30007E35D96E7F35DA6ED890D936DA360601DF
:105D4000F451D926F551DA22DEC404F5DDC405F597
:105D50000AECF3F00450070180250601F66F0550A8
:105D6000070181210601F76F010EF6250701796F02
:105D7000000E0601F72107017A6F79C710F57AC77F
:105D800011F57C0E126E070E136E156A000E146E5E
:105D9000010E166EF2EC9DF0000E0601F46F080E77
:105DA000F56F020EF427000EF523D89007017E351B
:105DB000D96E7F35DA6ED890D936DA360601F451CD
:105DC000D926F551DA22DEC4F6F6DDC4F7F6F6C6BA
:105DD000D9F4F7C6DAF410C5DEF411C5DDF4070115
:105DE0007E4B7F2B7FBFFEEFAEF07F5109E10D0EA2
:105DF0007E5DD8A0FEEFAEF000EFAFF03EEFAEF06C
:105E000080C7F3F581C7F4F50501F66B500EF56F09
:105E1000380EF76F150EF86F56ECDCF00501F351F4
:105E2000F411D8A416EFAFF018EFAFF019EFAEF001
:105E300025EE42F115EE48F1DE50E6180FE1DE5096
:105E4000E6180CE1DE50E61809E1DE50E618D8B499
:105E50002CEFAFF02EEFAFF03DEFAFF02C0E4C6E0D
:105E6000FD0E4D6E5FECF6F0380E0501D06F150E8D
:105E7000D16F8BECF2F014EFAEF0380ED06F150E40
:105E8000D16F8BECF2F0070161516211D8B44BEF86
:105E9000AFF04DEFAFF053EFAFF09C0E4C6EFD0E38
:105EA0004D6E5FECF6F0B30E4C6EFC0E4D6E71C78E
:105EB0004EF572C74FF55FC750F560C751F55FECFF
:105EC000F6F057ECE4F00601F36B000EF26F1200EF
:105ED000050120EE04F0C551D926C651DA22DF6A49
:105EE00020EE2CF0C551D926C651DA22FF0EDE6E07
:105EF000FF0EDE6EFF0EDE6EFF0EDD6EC5C5BAF55F
:105F0000C6C5BBF5C7C5BCF5C8C5BDF5C9C5BEF599
:105F1000CAC5BFF5F3ECE3F00009D8B492EFAFF0D7
:105F200094EFAFF09AEFAFF00501C66B040EC56FAA
:105F3000D8EFB0F02E0E0501C525046E020EC62165
:105F4000056E81ECF5F004C5CEF505C5CFF505016C
:105F500020EE30F0C551D926C651DA22DF50D26F7B
:105F6000EB0ED219D8B4B7EFAFF0B9EFAFF0CBEF7B
:105F7000AFF0E90ED219D8B4C0EFAFF0C2EFAFF076
:105F8000CBEFAFF0E80ED219D8A4C9EFAFF0CBEF4A
:105F9000AFF0C3EFB0F0550ECE1907E1AA0ECF193E
:105FA000D8A4D5EFAFF0D7EFAFF0F5EFAFF0820E9A
:105FB000C525046E000EC621056E540E066EFF0E3A
:105FC000076E096A080E086EF8ECE1F0045005103F
:105FD000D8A4EDEFAFF0EFEFAFF0F5EFAFF00501C4
:105FE000C66B000EC56FD8EFB0F03B0E0501C5259E
:105FF000046E000EC621056E81ECF5F004C5D0F5E7
:1060000005C5D1F5050120EE3DF0C551D926C65193
:10601000DA22DF50D26FFF0ED025CB6FFF0ED121D9
:10602000CC6FD051CB17D151CC17CB51CC11D8A4B8
:106030001CEFB0F01EEFB0F0C3EFB0F0020ED15D78
:10604000D8A025EFB0F027EFB0F0C3EFB0F0D00547
:10605000020ED159D8B02FEFB0F031EFB0F0C3EF4E
:10606000B0F0D251D8B437EFB0F039EFB0F0C3EFA1
:10607000B0F0FF0ED225CB6FCC6BFF0ECC23D251EC
:10608000CB17000ECC17CB51CC11D8A44AEFB0F0EF
:106090004CEFB0F0C3EFB0F03E0EC525046E000E1D
:1060A000C621056E81ECF5F004500510D8B45BEF05
:1060B000B0F05DEFB0F0C3EFB0F0050120EE40F0BE
:1060C000C551D926C651DA22DF50CB6FFF0ECB2542
:1060D000CC6FCD6BFF0ECD23CD5107E1020ECC5D11
:1060E000D8B075EFB0F077EFB0F0C3EFB0F0410E7D
:1060F000C525046E000EC621056E81ECF5F0045036
:106100000510D8B486EFB0F088EFB0F0C3EFB0F070
:10611000430E0501C525046E000EC621056E81ECF7
:10612000F5F0055007E1800E045CD8B09AEFB0F0AE
:106130009CEFB0F0AFEFB0F0500E0501C525046E36
:10614000000EC621056EDAECE5F0075008E1060402
:10615000D8A0ADEFB0F0AFEFB0F0C3EFB0F0460EA7
:106160000501C525046E000EC621056E81ECF5F013
:1061700004500510D8B4BFEFB0F0C1EFB0F0C3EFDA
:10618000B0F0EFEFAFF0550E0501CE1909E1AA0E00
:10619000CF19D8B4CEEFB0F0D0EFB0F0D5EFB0F06B
:1061A000C66B030EC56FD8EFB0F0C66B020EC56F9D
:1061B0001200000E0C6EF50E0D6E0F0E0E6E000E20
:1061C0000F6E3E0E106E070E116E136A100E126ED9
:1061D000C4ECE2F007013E51D8B4F1EFB0F0F3EFB8
:1061E000B0F001EFB2F0F6ECC1F0000E0C6EF50E5F
:1061F0000D6E0F0E0E6E000E0F6E3E0E106E070E21
:10620000116E136A020E126E91ECE1F043EFB2F0E0
:1062100041ECF4F004500701456F30EFB2F0455106
:1062200085ECF7F030EFB2F05A505B10D8A41BEFBA
:10623000B1F01DEFB1F023EFB1F00601516B000E8C
:10624000506F27EFB1F0000E0601516F506950C634
:1062500045F730EFB2F05A0E0601526F1B0E536F26
:1062600045C754F6556B4CC704F54DC705F54AC7ED
:1062700006F54BC707F5B9ECF5F004C50CF505C5F7
:106280000DF506C50EF507C50FF552C610F553C638
:1062900011F554C612F555C613F5C4ECE2F05EEFE5
:1062A000B1F052C6D9F453C6DAF4DF5085ECF7F0FA
:1062B0000601524B532B5407D8A0550706015451E1
:1062C0005511D8A466EFB1F068EFB1F051EFB1F01D
:1062D00030EFB2F0C1ECEFF004500510D8B473EF1A
:1062E000B1F075EFB1F079EFB1F0E0ECF7F030EF2D
:1062F000B2F013ECCEF0060141514211D8B483EF55
:10630000B1F085EFB1F030EFB2F075EFB1F0C1EC64
:10631000EFF004500510D8B490EFB1F092EFB1F067
:1063200094EFB1F075EFB1F098ECC4F00601415173
:106330004211D8B49EEFB1F0A0EFB1F030EFB2F05F
:1063400075EFB1F094ECD1F00701456F30EFB2F08A
:10635000C5ECD8F00701456F30EFB2F05A505B1032
:10636000D8B4B5EFB1F0B7EFB1F0B9EFB1F008EFD5
:10637000B1F0456B30EFB2F045C74FF606014F5113
:10638000C6ECF6F00701456F30EFB2F05A0E060189
:10639000526F1B0E536F52C604F553C605F545C721
:1063A00006F56AECEAF004C554F605C555F654C680
:1063B00045F7060154515511D8B4E1EFB1F0E3EFC0
:1063C000B1F030EFB2F04CC704F54DC705F54AC740
:1063D00006F54BC707F5B9ECF5F004C50CF505C596
:1063E0000DF506C50EF507C50FF552C610F553C6D7
:1063F00011F554C612F555C613F591ECE1F030EFE6
:10640000B2F04451010AD8B408EFB1F0030AD8B48D
:106410000FEFB1F0010AD8B414EFB1F0070AD8B405
:106420002BEFB1F0010AD8B46AEFB1F0030AD8B487
:1064300087EFB1F0010AD8B4A2EFB1F00F0AD8B4D7
:10644000A8EFB1F0010AD8B4AEEFB1F0030AD8B4A6
:10645000BCEFB1F0010AD8B4C6EFB1F030EFB2F042
:106460000701446B060E0C6EF50E0D6E0F0E0E6ED0
:10647000000E0F6E440E106E070E116E136A020EA0
:10648000126E91ECE1F0120006C799F507C79AF574
:106490000501946B050E936F986B000E976F9B69C7
:1064A000906B000E8F6F69EFB2F097C504F598C539
:1064B00005F59B0E066E050E076E096A010E086E45
:1064C0001BECE5F004C597F505C598F505018F4B64
:1064D000902B85518F5D86519059D8A072EFB2F004
:1064E00074EFB2F055EFB2F097C504F598C505F515
:1064F00087C506F588C507F589C508F58AC509F574
:106500001BECE5F004C597F505C598F50501926B00
:10651000000E916FA0EFB2F097C504F598C505F590
:106520009B0E066E050E076E096A010E086E1BECC7
:10653000E5F004C597F505C598F50501914B922B3B
:1065400085C58BF586C58CF58B1F8C1F8B4B8C2BD3
:1065500089518B5F8A518C5B000E8B258D6F020EEB
:106560008C218E6F8D51915D8E519259D8A0BBEFC9
:10657000B2F0BDEFB2F08CEFB2F081C51BF582C571
:106580001CF583C51DF584C51EF59B0E1F6E050EFB
:10659000206E180E97ECE7F01BC595F51CC596F517
:1065A000050195519611D8B4D8EFB2F0DAEFB2F0F8
:1065B000DCEFB2F0A8EFB3F09B51D8B4E2EFB2F049
:1065C000E4EFB2F0E9EFB2F0966B030E956FA8EF2F
:1065D000B3F0FE0E9B6F99C504F59AC505F59B0EA9
:1065E000066E050E076E096A010E086E30ECECF0BF
:1065F00099C50EF59AC50FF585C510F586C511F537
:1066000032ECF2F099C504F59AC505F587C506F593
:1066100088C507F589C508F58AC509F530ECECF0A1
:1066200099C50EF59AC50FF585C58BF586C58CF510
:1066300005018B1F8C1F8B4B8C2B89518B5F8A51D3
:106640008C5B000E8B25106E020E8C21116E32ECCD
:10665000F2F0050198519B6F99C504F59AC505F5AF
:106660009B0E066E050E076E096A010E086E30EC71
:10667000ECF097C59BF599C504F59AC505F59B0EF9
:10668000066E050E076E096A010E086E30ECECF01E
:106690000B0E166EB80E156EFF0E8AECF4F00501A7
:1066A0009B6F9B29D8A457EFB3F059EFB3F05EEF7F
:1066B000B3F0966B010E956FA8EFB3F09B511F0BD3
:1066C000050AD8B466EFB3F068EFB3F092EFB3F019
:1066D0009B511F0B0B0AD8A470EFB3F072EFB3F00D
:1066E000E4EFB2F09307D8A0940794BF82EFB3F021
:1066F000945106E19305D8B080EFB3F082EFB3F088
:1067000087EFB3F0966B040E956FA8EFB3F0750E9C
:10671000166E300E156EFF0E8AECF4F04BECF6F0B0
:10672000BDEFB2F0750E166E300E156E000E8AECCF
:10673000F4F005019B6F9B51D8A4A1EFB3F0A3EF38
:10674000B3F0A5EFB3F059EFB3F0966B000E956F71
:106750004BECF6F095C581F596C582F5120006C79B
:1067600099F507C79AF50501946B050E936F81C5DE
:106770001BF582C51CF583C51DF584C51EF59D0E50
:106780001F6E050E206E110E97ECE7F01BC597F5F6
:106790001CC598F5050197519811D8B4D2EFB3F004
:1067A000D4EFB3F0D6EFB3F0EFEFB4F09D51D8B41F
:1067B000DCEFB3F0DEEFB3F0E3EFB3F0986B030E72
:1067C000976FEFEFB4F00B0E166EB80E156EFF0E4E
:1067D0008AECF4F005019D6F9D29D8A4F2EFB3F087
:1067E000F4EFB3F0F9EFB3F0986B010E976FEFEFA2
:1067F000B4F0FE0E9D19D8B400EFB4F002EFB4F07F
:1068000004EFB4F0DEEFB3F09C6B000E9B6F906B67
:10681000000E8F6F30EFB4F099C512F59AC513F5DD
:1068200096ECF6F005019D6F07010AA11AEFB4F08E
:106830001CEFB4F02DEFB4F09BC504F59CC505F535
:106840009D0E066E050E076E096A010E086E1BECA2
:10685000E5F004C59BF505C59CF505018F4B902B14
:1068600085518F5D86519059D8A039EFB4F03BEF38
:10687000B4F00CEFB4F099C504F59AC505F587C5D9
:1068800006F588C507F589C508F58AC509F551ECEF
:10689000ACF007010AA14FEFB4F051EFB4F063EF91
:1068A000B4F09BC504F59CC505F587C506F588C5FC
:1068B00007F589C508F58AC509F51BECE5F004C59F
:1068C0009BF505C59CF50501926B000E916F8DEF50
:1068D000B4F099C512F59AC513F596ECF6F00501DA
:1068E0009D6F07010AA177EFB4F079EFB4F08AEF5A
:1068F000B4F09BC504F59CC505F59D0E066E050E0E
:10690000076E096A010E086E1BECE5F004C59BF5E5
:1069100005C59CF50501914B922B85C58BF586C568
:106920008CF58B1F8C1F8B4B8C2B89518B5F8A5165
:106930008C5B000E8B258D6F020E8C218E6F8D511E
:10694000915D8E519259D8A0A8EFB4F0AAEFB4F09F
:1069500069EFB4F099C512F59AC513F596ECF6F007
:106960000501966F956B99C512F59AC513F596ECCE
:10697000F6F005018B6F8B51951307010AA1C3EF48
:10698000B4F0C5EFB4F0EBEFB4F005019B519519ED
:1069900009E19C519619D8B4D0EFB4F0D2EFB4F01D
:1069A000EBEFB4F09307D8A0940794BFE2EFB4F0F4
:1069B000945106E19305D8B0E0EFB4F0E2EFB4F003
:1069C000E7EFB4F0986B040E976FEFEFB4F04BEC79
:1069D000F6F0B7EFB3F00501986B000E976F4BEC34
:1069E000F6F097C581F598C582F512000501866B12
:1069F000000E856F5A0E8525D96E1B0E8621DA6E24
:106A0000A50EDF6E5B0E8525D96E1B0E8621DA6E14
:106A10005A0EDF6E020E8527000E86238605D8A04B
:106A200014EFB5F016EFB5F0FAEFB4F0000E876F83
:106A3000000E886F000E896F000E8A6FB90E4C6EC3
:106A4000FB0E4D6E87C54EF588C54FF589C550F5CF
:106A50008AC551F55FECF6F026EE5AF387C5DFF4F0
:106A600026EE5BF388C5DFF426EE5CF389C5DFF420
:106A700087C50CF588C50DF589C50EF58AC50FF5D6
:106A80005A0E106E1B0E116E010E136E000E126E5A
:106A900091ECE1F087C50CF588C50DF589C50EF5BB
:106AA0008AC50FF55A0E106E1C0E116E010E136E74
:106AB000000E126EC4ECE2F05A0E046E1B0E056E50
:106AC0005A0E066E1C0E076E010E096E000E086E41
:106AD000F8ECE1F004500510D8B471EFB5F073EFA5
:106AE000B5F0B1EFB5F0BF0E4C6EFA0E4D6E87C526
:106AF0004EF588C54FF589C550F58AC551F55FEC4F
:106B0000F6F0E30E0501606FFF0E616F87C562F559
:106B100088C563F589C564F58AC565F55A0E666F43
:106B20001B0E676F010E696F000E686FCFECCEF021
:106B3000DE0E0501606FFF0E616F87C562F588C5C7
:106B400063F589C564F58AC565F55A0E666F1C0E36
:106B5000676F010E696F000E686FCFECCEF0AFEF7C
:106B6000B5F005018751881189118A11D8A4BBEFAE
:106B7000B5F0BDEFB5F0BFEFB5F0F0EFB5F0000E3A
:106B80000C6E000E0D6E000E0E6E000E0F6E5A0E85
:106B9000106E1C0E116E010E136E000E126EC4EC00
:106BA000E2F05A0E046E1B0E056E5A0E066E1C0E97
:106BB000076E010E096E000E086EF8ECE1F004504D
:106BC0000510D8A4E6EFB5F0E8EFB5F0F0EFB5F0BA
:106BD000450E4C6EFC0E4D6E5FECF6F004EFB6F019
:106BE000000E05018727100E8823000E8923000E52
:106BF0008A238A5109E1100E895DD8A002EFB6F010
:106C000004EFB6F01EEFB5F087C560F888C561F8EF
:106C100089C562F88AC563F8B80E4C6EF80E4D6EE1
:106C2000FF0E050187254E6EFF0E88214F6EFF0E69
:106C30008921506EFF0E8A21516E60C881F561C8AE
:106C400082F562C883F563C884F50B0E2DEFB6F0AC
:106C5000D8908433833382338133E82E28EFB6F023
:106C600081C552F582C553F55FECF6F012009D0E1A
:106C70000701066F080E076F6CC508F76DC509F7A9
:106C80000A9106C771F507C772F571C504F572C59B
:106C900005F509ECF6F071C560F572C561F568C5DA
:106CA00062F569C563F5010E0501646F000E656F3D
:106CB000C7ECD4F071C508F572C509F5A6ECF6F07D
:106CC00071C50EF572C50FF5116A0A0E106E32EC21
:106CD000F2F04BECF6F0000E2B6E000E2C6E000E58
:106CE0002D6E000E2E6E730E2F6E050E306E326AF4
:106CF000010E316E000ECDECEEF005017305D8B437
:106D000084EFB6F086EFB6F08BEFB6F0696B010E4C
:106D1000686F6BEFB7F0AA0E2B6E010E2C6E000E93
:106D20002D6E000E2E6E730E2F6E050E306E326AB3
:106D3000050E316E080ECDECEEF005017305D8A4FA
:106D4000A4EFB6F0A6EFB6F0B6EFB6F076A1ABEFD3
:106D5000B6F0ADEFB6F0B6EFB6F0AA0E7719D8B42C
:106D6000B4EFB6F0B6EFB6F0BBEFB6F0696B020E5B
:106D7000686F6BEFB7F0706B000E6F6F000E2B6ECD
:106D8000000E2C6E000E2D6E000E2E6E730E2F6EEA
:106D9000050E306E326A010E316E370ECDECEEF01C
:106DA000000E2B6E000E2C6E000E2D6E400E2E6E01
:106DB000730E2F6E050E306E326A050E316E290E7F
:106DC000CDECEEF005017351D8A4E9EFB6F0EBEF8E
:106DD000B6F0EDEFB6F0FDEFB6F06F4B702B70BF75
:106DE000FBEFB6F0B80E6F5D0B0E7059D8A0FBEF3D
:106DF000B6F0FDEFB6F0BEEFB6F07351D8B403EFC6
:106E0000B7F005EFB7F007EFB7F086EFB6F0000E7A
:106E10002B6E000E2C6E000E2D6E000E2E6E730E5D
:106E20002F6E050E306E326A050E316E3A0ECDECC5
:106E3000EEF073C56EF5FE0E05016E17D8B423EFA4
:106E4000B7F025EFB7F02AEFB7F0696B030E686F64
:106E50006BEFB7F074BD2FEFB7F031EFB7F033EF52
:106E6000B7F0B6EFB6F074BF38EFB7F03AEFB7F05F
:106E70003CEFB7F025EFB7F0010E2B6E000E2C6E35
:106E8000000E2D6E000E2E6E730E2F6E050E306EE0
:106E9000326A010E316E3B0ECDECEEF005017351FE
:106EA000D8B455EFB7F057EFB7F059EFB7F025EF7B
:106EB000B7F071C560F572C561F56AC562F56BC55D
:106EC00063F5010E646F000E656FC7ECD4F0050129
:106ED000696B000E686F1200800E07010F6F870E3E
:106EE000106F010E116F266B000E256FF2ECF6F09D
:106EF000D4ECF1F08C0E4C6EF40E4D6E5FECF6F0AF
:106F0000CAECF7F06A0E0601F26FFE0EF36F6FC760
:106F100004F570C705F56DC706F56EC707F5B9EC42
:106F2000F5F004C5F4F605C5F5F606C5F6F607C591
:106F3000F7F60FECCBF0F2C6D2F7F3C6D3F70701A2
:106F4000D251D311D8A4A7EFB7F0A9EFB7F049EF0A
:106F5000B8F0B00E4C6E070E4D6EC30E4E6EFF0EA7
:106F60004F6E900E506E080E516EB00E526EFF0EA8
:106F7000536ED0ECF3F075C704F576C705F577C707
:106F800006F578C707F5B9ECF5F004C5CEF705C5E9
:106F9000CFF706C5D0F707C5D1F7B00E0601F26FDF
:106FA000070EF36FCEC7F4F6CFC7F5F6D0C7F6F6E7
:106FB000D1C7F7F60FECCBF0F2C6D2F7F3C6D3F792
:106FC0000701D251D311D8A4E8EFB7F0EAEFB7F038
:106FD00049EFB8F02751A46F2851A56FA66BA76B96
:106FE000100EA425A86F000EA521A96F000EA621E2
:106FF000AA6F000EA721AB6F050E04EFB8F0D89072
:10700000AB33AA33A933A833E82EFFEFB7F0040E51
:10701000D890A837A937AA37AB37E82E08EFB8F0D1
:10702000100EA825AC6F000EA921AD6F000EAA218D
:10703000AE6F000EAB21AF6FAC51CE27AD51CF2359
:10704000AE51D023AF51D123B00E4C6E070E4D6E12
:10705000C30E4E6EFF0E4F6E900E506E080E516EA8
:10706000400E526EFF0E536ED0ECF3F0B00E0601E0
:10707000F26F070EF36FCEC7F4F6CFC7F5F6D0C7A1
:10708000F6F6D1C7F7F60FECCBF0F2C6D2F7F3C69F
:10709000D3F70701D251D311D8B451EFB8F053EF61
:1070A000B8F05FEFB8F0200E4C6EFA0E4D6E5FEC4C
:1070B000F6F00601F96B010EF86F9AEFB8F0EAEC02
:1070C000E6F0070161516211D8A469EFB8F06BEFE7
:1070D000B8F073EFB8F077C75BF778C75CF775C7A0
:1070E0005DF776C75EF76FC704F570C705F56DC726
:1070F00006F56EC707F5B9ECF5F004C5CEF705C582
:10710000CFF706C5D0F707C5D1F7CEC70CF5CFC767
:107110000DF5D0C70EF5D1C70FF55B0E106E070E3B
:10712000116E136A040E126E91ECE1F00601F96B18
:10713000000EF86F120020EE10F02350D9262450D4
:10714000DA22DEC404F5DDC405F520EE0EF023508E
:10715000D9262450DA22DEC406F5DDC407F5B9ECE1
:10716000F5F004C526F505C527F506C528F507C5BC
:1071700029F599EFB9F023C504F524C505F56FECA1
:10718000F7F0B6EFB9F0000E046E070E056E2A0E8A
:10719000066E050E076ED00EBFECE0F0FF0AD8A415
:1071A000D4EFB8F0D6EFB8F0D8EFB8F0BBEFB8F046
:1071B000A19E2A50D5ECF6F007015A6F2B50D5EC62
:1071C000F6F00701576F2C50D5ECF6F00701586F19
:1071D0002E50D5ECF6F0256E2550336E346A2F50C4
:1071E000D5ECF6F0256E2550316E326A3050D5EC74
:1071F000F6F0256E2550356E366A365009E1500E90
:10720000355CD8A006EFB9F008EFB9F00EEFB9F091
:107210006C0E3526070E362212EFB9F0D00E352649
:10722000070E362235C515F536C516F531C517F5E5
:1072300032C518F533C519F534C51AF553ECE0F02D
:1072400015C555F716C556F7A18E26C50CF527C5E9
:107250000DF528C50EF529C50FF5550E106E070E54
:10726000116E136A060E126E91ECE1F023C504F55F
:1072700024C505F564ECF7F0B6EFB9F023C504F5C5
:1072800024C505F57AECF7F0B6EFB9F026C50CF594
:1072900027C50DF528C50EF529C50FF5550E106E3D
:1072A000070E116E136A060E126EC4ECE2F055C79B
:1072B0000FF556C710F5350E116E050E126E310E14
:1072C000136E050E146E330E156E050E166EF9EC68
:1072D000D5F007015A51BFECECF02A6E0701575167
:1072E000BFECECF02B6E07015851BFECECF02C6EAC
:1072F0003350BFECECF02E6E3150BFECECF02F6E43
:107300003550BFECECF0306E000E046E070E056ECB
:107310002A0E066E050E076ED00E4FECEBF0FF0A3C
:10732000D8A495EFB9F097EFB9F036EFB9F0BBEF0D
:10733000B8F020EE02F02350D9262450DA22DF5094
:10734000030AD8B4BBEFB8F0070AD8B4C3EFB8F05B
:10735000010AD8B43EEFB9F00D0AD8B446EFB9F03F
:10736000010AD8B446EFB9F036EFB9F01200E6C51D
:10737000D9F4E7C5DAF4DEC4FDF5DDC4FEF5050198
:10738000EB51EA11E91109E1020EE85DD8A0CBEF5B
:10739000B9F0CDEFB9F0E2EFB9F020EE14F0FD5105
:1073A000D926FE51DA22DE50E85DDE50E959DE5082
:1073B000EA59DE50EB59D8A0E0EFB9F0E2EFB9F0AE
:1073C000E5EFB9F0020ECFEFBAF0EC51ED11EE118E
:1073D000EF11D8B4EEEFB9F0F0EFB9F013EFBAF067
:1073E000FDC5C5F5FEC5C6F5ECC5C7F5EDC5C8F5C7
:1073F000EEC5C9F5EFC5CAF5FF0ECB6FFF0ECC6F1A
:10740000FF0ECD6FFF0ECE6F7CEC9BF00501FC6F85
:10741000FC51D8B40EEFBAF010EFBAF013EFBAF097
:10742000FC51CFEFBAF0E6C5C5F5E7C5C6F5E8C52E
:10743000C7F5E9C5C8F5EAC5C9F5EBC5CAF5D3EC8A
:10744000A6F0C5C5F8F5C6C5F9F5C7C5FAF5C8C5AE
:10745000FBF50501F851F911FA11FB11D8A433EF2E
:10746000BAF035EFBAF037EFBAF0CEEFBAF0F80570
:10747000F911FA11FB11D8A440EFBAF042EFBAF0BB
:1074800044EFBAF0E2EFB9F0F8290AE1F92908E18E
:10749000FA2906E1FB29D8A450EFBAF052EFBAF06E
:1074A00055EFBAF0010ECFEFBAF0FDC5C5F5FEC538
:1074B000C6F5E8C5C7F5E9C5C8F5EAC5C9F5EBC520
:1074C000CAF5000ECB6F000ECC6F000ECD6F000E14
:1074D000CE6F7CEC9BF00501FC6FFC51D8B473EFD0
:1074E000BAF075EFBAF077EFBAF010EFBAF020EE1D
:1074F00014F0FD51D926FE51DA22FE0EDE24F06F83
:10750000FF0EDE20F16FFF0EDE20F26FFF0EDE2099
:10751000F36F20EE10F0FD51D926FE51DA22F05122
:10752000DE5CF151DE58F251DE58F351DE58D8B02E
:107530009CEFBAF09EEFBAF0B1EFBAF020EE10F087
:10754000FD51D926FE51DA22DE2A000EDE22DE228D
:10755000DE2220EE05F0FD51D926FE51DA22000E82
:10756000DB80F8C5E8F5F9C5E9F5FAC5EAF5FBC52C
:10757000EBF520EE14F0FD51D926FE51DA22DE5053
:10758000E85DDE50E959DE50EA59DE50EB59D8A0EB
:10759000CCEFBAF0CEEFBAF013EFBAF0000E120053
:1075A000A9EFBBF04DC604F54EC605F5A9ECF3F006
:1075B0004DC604F54EC605F564ECF7F0DFEFBBF001
:1075C0004DC604F54EC605F5A2ECF7F04DC604F520
:1075D0004EC605F564ECF7F0DFEFBBF04DC604F5E1
:1075E0004EC605F5E3ECE8F004500510D8B4FBEF07
:1075F000BAF0FDEFBAF005EFBBF04DC604F54EC68C
:1076000005F54EECF7F0DFEFBBF04DC604F54EC6C6
:1076100005F564ECF7F0DFEFBBF04DC604F54EC6A0
:1076200005F56FECF7F0DFEFBBF04DC607F54EC682
:1076300008F5A3ECF1F007500810D8B422EFBBF026
:1076400024EFBBF026EFBBF0DFEFBBF04DC645F6F5
:107650004EC646F691ECE6F0060145514611D8B407
:1076600034EFBBF036EFBBF005EFBBF04DC604F5D1
:107670004EC605F538ECF7F0DFEFBBF04DC604F56C
:107680004EC605F57AECF7F0DFEFBBF04DC607F517
:107690004EC608F5A3ECF1F007500810D8B453EF2C
:1076A000BBF055EFBBF057EFBBF0DFEFBBF04DC6C3
:1076B00044F64EC645F61DECEAF00601445145116C
:1076C000D8B465EFBBF067EFBBF005EFBBF04DC67C
:1076D00004F54EC605F52DECF7F0DFEFBBF04DC617
:1076E00007F54EC608F5A3ECF1F007500810D8B422
:1076F0007CEFBBF07EEFBBF080EFBBF0DFEFBBF0C9
:107700004DC645F64EC646F627ECD4F00601455167
:107710004611D8B48EEFBBF090EFBBF098EFBBF002
:107720004DC604F54EC605F543ECF7F0DFEFBBF0B0
:1077300007012F4B302B05EFBBF007012F51301104
:10774000D8A4A5EFBBF0A7EFBBF005EFBBF00DEFA2
:10775000BBF0060120EE02F04D51D9264E51DA223F
:10776000DF50000AD8B4D2EFBAF0010AD8B4E0EF83
:10777000BAF0030AD8B4EEEFBAF0010AD8B40DEFAC
:10778000BBF0070AD8B415EFBBF0010AD8B43EEF3E
:10779000BBF00D0AD8B446EFBBF0010AD8B46FEFC6
:1077A000BBF0040AD8B498EFBBF0030AD8B49DEF3D
:1077B000BBF0010AD8B43EEFBBF005EFBBF01200FE
:1077C00025C6D9F426C6DAF4DEC42FF6DDC430F6B9
:1077D000EDEFBBF00601274B282B27C6F6F428C691
:1077E000F7F4000EF86E3F0EF76403D00800F55072
:1077F00005D0F6C4E9F4F7C4EAF4EF502F0AD8B480
:1078000004EFBCF006EFBCF0EAEFBBF027C6F6F4DD
:1078100028C6F7F4000EF86E3F0EF76403D0080098
:10782000F55005D0F6C4E9F4F7C4EAF4EF505C0A69
:10783000D8B41DEFBCF01FEFBCF0EAEFBBF00601BF
:1078400020EE06F02551D9262651DA22DE6ADE6ABC
:10785000DE6ADD6A27C6F6F428C6F7F4000EF86E75
:107860003F0EF76403D00800F55005D0F6C4E9F4E4
:10787000F7C4EAF4EF500601296F200E296143EFA7
:10788000BCF045EFBCF060EFBCF020EE27F02551D6
:10789000D9262651DA22800EDF6E25C6DFF526C6F0
:1078A000E0F5000E0501E16F000EE26F000EE36FE0
:1078B000000EE46FC9ECA8F00601326FEDEFBCF0EA
:1078C00025C60CF526C60DF5270E0E6E060E0F6E9C
:1078D0008EECAAF00601326F3251D8B472EFBCF0D0
:1078E00074EFBCF076EFBCF0EDEFBCF025C61DF6F2
:1078F00026C61EF694ECCCF00601326F20EE27F07F
:107900002551D9262651DA22DF50316F3251D8B4B1
:107910008CEFBCF08EEFBCF0A2EFBCF0040E32197D
:10792000D8A495EFBCF097EFBCF0EDEFBCF031B50B
:107930009CEFBCF09EEFBCF0EDEFBCF0050E326F9B
:10794000EDEFBCF031A5A7EFBCF0A9EFBCF0ABEFB9
:10795000BCF0EDEFBCF020EE04F02551D926265105
:10796000DA22DFB8B6EFBCF0B8EFBCF0BAEFBCF08B
:107970009EEFBCF02FC60BF530C60CF520EE0EF0D6
:107980002551D9262651DA22DEC429F6DDC42AF68D
:10799000FF0E29152B6F010E2A152C6F2B512F2549
:1079A0002D6F2C5130212E6F300E2D250D6E000EB7
:1079B0002E210E6E0DECEEF0060120EE06F02551A4
:1079C000D9262651DA220BC5DEF40CC5DEF40DC52E
:1079D000DEF40EC5DEF460EFBCF032511200C5C516
:1079E00061F5C6C562F5CE0E0501636F050E646FC5
:1079F000DBECDAF00501CB6FCB51D8A402EFBDF080
:107A000004EFBDF0F6EFBDF020EE0EF0C551D92623
:107A1000C651DA22DFAC0FEFBDF011EFBDF0F6EF8B
:107A2000BDF020EE0EF0C551D926C651DA22DFAEE8
:107A30001CEFBDF01EEFBDF052EFBDF0220EC525CC
:107A40009C6F000EC6219D6F20EE18F0C551D926FF
:107A5000C651DA22DEC49EF5DEC49FF5DEC4A0F571
:107A6000DEC4A1F5A36B010EA26F20EE01F0CE5192
:107A7000D926CF51DA22DF509AECEBF00009D8B4C6
:107A800044EFBDF046EFBDF049EFBDF0010EF7EF5A
:107A9000BDF0050120EE0EF0C551D926C651DA22FF
:107AA0007F0EDF16ABECF7F004C5C7F505C5C8F5CA
:107AB00006C5C9F507C5CAF5CEC5BAF5CFC5BBF52C
:107AC000050120EE1CF0C551D926C651DA22DEC4CC
:107AD000BCF5DEC4BDF5DEC4BEF5DEC4BFF5F3EC17
:107AE000E3F00501CB6FCB51D8A479EFBDF07BEF6C
:107AF000BDF0F6EFBDF020EE20F0C551D926C651FD
:107B0000DA22DEC4CCF5DDC4CDF520EE0BF0CC518D
:107B1000D926CD51DA22000EDB8AC5C5D9F4C6C5F7
:107B2000DAF4DEC408F5DDC409F5CCC50AF5CDC527
:107B30000BF520EE06F0C551D926C651DA22DEC477
:107B40000CF5DEC40DF5DEC40EF5DEC40FF5F6EC63
:107B5000F3F01C0E0501CC25046E000ECD21056E40
:107B600020EE0AF0C551D926C651DA22DEC406F548
:107B7000DEC407F5DEC408F5DEC409F56FECF0F0ED
:107B8000160E0501CC25046E000ECD21056EC7C56D
:107B900006F5C8C507F5C9C508F5CAC509F56FECEE
:107BA000F0F0120E0501CC25046E000ECD21056EFD
:107BB000076A000E066E37ECF6F0050120EE04F0C1
:107BC000CE51D926CF51DA22010EDF6ECEC5BAF5DD
:107BD000CFC5BBF5FFECBEF00501CB6F20EE0EF07C
:107BE000C551D926C651DA22BF0EDF16CB5112007D
:107BF00007017D6B000E7C6F7CC77EF77DC77FF72A
:107C0000E1EFBEF07E51410F7B6F5A0E796F1B0E74
:107C10007A6F79C74CF57AC74DF5400E4E6EFE0E61
:107C20004F6E900E506E080E516E7BC752F5536A20
:107C3000D0ECF3F0220E0601F46F020EF56FF45152
:107C400007017C03F3C4F6F6F4C4F7F67D03F350A2
:107C50000601F727F55107017C030601F350F727CA
:107C6000800EF625A26F0A0EF721A36F79C7A4F63E
:107C70007AC7A5F6030EA66F22EC92F00009D8A4ED
:107C800044EFBEF046EFBEF0DEEFBEF08F0E4C6E5E
:107C9000F40E4D6E900E4E6E080E4F6E7BC750F573
:107CA000516A7BC752F5536A5FECF6F00601F205A4
:107CB000F311D8A45EEFBEF060EFBEF0A6EFBEF009
:107CC000220EF46F020EF56FF45107017C03F3C42A
:107CD000F6F6F4C4F7F67D03F3500601F727F551E5
:107CE00007017C030601F350F727800EF625F86F95
:107CF0000A0EF721F96F340EFA6F080EFB6F020EB1
:107D0000FA27000EFB23D89007017E35D96E7F3508
:107D1000DA6ED890D936DA360601FA51D926FB51F7
:107D2000DA22F8C6DEF4F9C6DDF40801365137115F
:107D3000D8A49DEFBEF09FEFBEF0DBEFBEF0FF0ECC
:107D40000601F36FFC0EF26FFEEFBEF0220EF46F31
:107D5000020EF56FF45107017C03F3C4F6F6F4C488
:107D6000F7F67D03F3500601F727F55107017C0371
:107D70000601F350F727800EF625F86F0A0EF7215B
:107D8000F96FD89007017E35D96E7F35DA6E540EC3
:107D9000D926080EDA22F8C6DEF4F9C6DDF40801A9
:107DA00054515511D8A4D7EFBEF0D9EFBEF0DBEF98
:107DB000BEF09FEFBEF007017C4B7D2B07017E4B91
:107DC0007F2B7F5107E1040E7E5DD8B0EAEFBEF055
:107DD000ECEFBEF0FAEFBEF07DBFF8EFBEF07D51E4
:107DE00009E1040E7C5DD8A0F8EFBEF0FAEFBEF01A
:107DF00002EFBEF00601F36B000EF26F1200BAC57F
:107E0000A7F5BBC5A8F5E1ECC7F00501C46FC451E7
:107E1000D8A40DEFBFF00FEFBFF001EFC0F0BAC56F
:107E2000D9F4BBC5DAF4030EDE18D8A41AEFBFF0FC
:107E30001CEFBFF0E7EFBFF020EE05F0BA51D926F6
:107E4000BB51DA22DE04D8A428EFBFF02AEFBFF03E
:107E5000E7EFBFF0300EBA25046E000EBB21056EB1
:107E6000076A000E066E020E096E000E086E65ECC3
:107E7000F5F02E0E0501BA25046E020EBB21056E2B
:107E8000AA0E076E550E066E37ECF6F0300E0501A1
:107E9000BA25046E000EBB21056E520E066E520E00
:107EA000076E610E086E410E096E6FECF0F0140E55
:107EB0000501BA25046E020EBB21056E720E066E18
:107EC000720E076E410E086E610E096E6FECF0F0D7
:107ED000180E0501BA25046E020EBB21056E20EEB8
:107EE00010F0BA51D926BB51DA22DEC406F5DEC441
:107EF00007F5DEC408F5DEC409F56FECF0F01C0EE2
:107F00000501BA25046E020EBB21056E20EE0CF0B1
:107F1000BA51D926BB51DA22DEC406F5DEC407F514
:107F2000DEC408F5DEC409F56FECF0F0050120EEC3
:107F30001CF0BA51D926BB51DA22DEC4BCF5DEC42E
:107F4000BDF5DEC4BEF5DEC4BFF5010EBC25C06FB5
:107F5000000EBD21C16F000EBE21C26F000EBF21F9
:107F6000C36F20EE2CF0BA51D926BB51DA22C0C51E
:107F7000DEF4C1C5DEF4C2C5DEF4C3C5DEF4300EE6
:107F8000BA259C6F000EBB219D6F20EE2CF0BA51DC
:107F9000D926BB51DA22DEC49EF5DEC49FF5DEC4CD
:107FA000A0F5DEC4A1F5A36B010EA26F20EE01F0D7
:107FB000BA51D926BB51DA22DF509AECEBF0050119
:107FC00020EE05F0BA51D926BB51DA22DF6A000E45
:107FD000606F000E616F000E626F20EE01F0BA510B
:107FE000D926BB51DA22DF503FECF1F00009D8B4BA
:107FF000FCEFBFF0FEEFBFF001EFC0F0010E050196
:10800000C46F0501C451120020EE09F01350D926A7
:108010001450DA22DF6A20EE16F01150D9261250E1
:10802000DA22DE50DE10DE10DE10D8A41AEFC0F027
:108030001CEFC0F01EEFC0F0FEEFC0F01D6A000E96
:108040001C6E1CC519F51DC51AF57BEFC0F020EE9E
:108050001AF01150D9261250DA22DEC415F5DDC40B
:1080600016F519501524D96E1A501620DA6EDF5005
:108070001B6E194A1A2A200E1B18D8A442EFC0F012
:1080800044EFC0F046EFC0F07BEFC0F0050E1B18C8
:10809000D8A44DEFC0F04FEFC0F051EFC0F0E50EA7
:1080A0001B6E090E19181A10D8A459EFC0F05BEF17
:1080B000C0F06BEFC0F01C501324156E1D5014203F
:1080C000166E090E1524D96E000E1620DA6E2E0ECD
:1080D000DF6E1C4A1D2A1C501324156E1D501420DF
:1080E000166E090E1524D96E000E1620DA6E1BC509
:1080F000DFF41C4A1D2A1A5009E10B0E195CD8A0A6
:1081000084EFC0F086EFC0F027EFC0F01C501324BE
:10811000156E1D501420166E090E1524D96E000E12
:108120001620DA6EDF6A20EE08F01350D9261450BC
:10813000DA2210EE1AF01150E1261250E22200EE7F
:108140000BF0E650E926E550EA22EF503F0BDF6ED8
:1081500020EE1AF01150D9261250DA22DEC415F59D
:10816000DDC416F51C0E1524046E000E1620056ED7
:10817000DAECE5F013C5D9F414C5DAF404C5DEF47D
:1081800005C5DEF406C5DEF407C5DEF420EE1AF000
:108190001150D9261250DA22DEC415F5DDC416F5C9
:1081A000160E1524046E000E1620056E81ECF5F0F7
:1081B00020EE06F01350D9261450DA2204C5DEF45E
:1081C00005C5DDF420EE1AF01150D9261250DA223E
:1081D000DEC415F5DDC416F5180E1524046E000E68
:1081E0001620056E81ECF5F020EE04F01350D92630
:1081F0001450DA2204C5DEF405C5DDF41200D3C53F
:10820000C5F5D4C5C6F5000E0501C76F000EC86FD1
:10821000000EC96F000ECA6F68ECAFF0C5C5EDF572
:10822000C6C5EEF5020E0501ED19EE11D8B41BEF2F
:10823000C1F01DEFC1F037EFC1F0EE5107E1030EC1
:10824000ED5DD8B026EFC1F028EFC1F031EFC1F0FD
:10825000D551D611D8A42FEFC1F031EFC1F037EFCF
:10826000C1F0EDC5D3F5EEC5D4F5F5EFC1F0F06B77
:10827000000EEF6FEFC5D7F5F0C5D8F5D73BD83B6B
:10828000F00ED817D7510F0BD813F00ED717D751C0
:10829000D325D96FD851D421DA6FF60ED925046EC3
:1082A000010EDA21056EDAECE5F0DD0E0501DB6F7B
:1082B000050EDC6FD890EF35D96EF035DA6ED890B8
:1082C000D936DA36DB51D926DC51DA2204C5DEF4A0
:1082D00005C5DEF406C5DEF407C5DEF4EF4BF02B72
:1082E000F05109E1040EEF5DD8A079EFC1F07BEF0A
:1082F000C1F03AEFC1F0D551D611D8A482EFC1F048
:1083000084EFC1F089EFC1F0F06B000EEF6F8FEFDB
:10831000C1F0FF0ED525EF6FFF0ED621F06FDD0EF9
:10832000D76F050ED86FD890EF35D96EF035DA6E6D
:10833000D890D936DA36D751D926D851DA22DE503C
:10834000DE10DE10DE10D8A4A8EFC1F0AAEFC1F055
:10835000AFEFC1F0EE6B030EED6FD1EFC1F0D3C5FF
:10836000C5F5D4C5C6F5DD0ED76F050ED86FD8900C
:10837000EF35D96EF035DA6ED890D936DA36D75176
:10838000D926D851DA22DEC4C7F5DEC4C8F5DEC46A
:10839000C9F5DEC4CAF568ECAFF0C5C5EDF5C6C5D4
:1083A000EEF50501D551D611D8A4D9EFC1F0DBEF18
:1083B000C1F031EFC1F0EE5109E1020EED5DD8A040
:1083C000E4EFC1F0E6EFC1F031EFC1F0EF4BF02B7D
:1083D000F05109E1040EEF5DD8A0F1EFC1F0F3EF29
:1083E000C1F08FEFC1F031EFC1F01200BBEFC2F06E
:1083F00041ECF4F0045007013F6FDFEFC2F03F5152
:1084000085ECF7F0DFEFC2F05A505B10D8A40BEF09
:10841000C2F00EEFC2F0010E0FEFC2F0000E3F6F80
:10842000DFEFC2F05A0E0501616F1B0E626F3FC78E
:1084300063F5646B42C704F543C705F540C706F50D
:1084400041C707F5B9ECF5F004C50CF505C50DF508
:1084500006C50EF507C50FF561C510F562C511F526
:1084600063C512F564C513F5C4ECE2F045EFC2F044
:1084700061C5D9F462C5DAF4DF5085ECF7F0050187
:10848000614B622B6307D8A0640705016351641137
:10849000D8A44DEFC2F04FEFC2F038EFC2F0DFEFDB
:1084A000C2F05A505B10D8B458EFC2F05AEFC2F085
:1084B0005CEFC2F0F8EFC1F03F6BDFEFC2F03FC7F7
:1084C00060F505016051C6ECF6F007013F6FDFEF84
:1084D000C2F05A0E0501616F1B0E626F61C504F593
:1084E00062C505F53FC706F56AECEAF004C563F519
:1084F00005C564F563C53FF7050163516411D8B440
:1085000084EFC2F086EFC2F0DFEFC2F042C704F59D
:1085100043C705F540C706F541C707F5B9ECF5F0C7
:1085200004C50CF505C50DF506C50EF507C50FF517
:1085300061C510F562C511F563C512F564C513F583
:1085400091ECE1F0DFEFC2F03D6B3C6BEEECF7F04D
:10855000B4ECF7F00701366B010E356FDFEFC2F0B8
:10856000560E4C6EFA0E4D6E3EC74EF54F6A5FECDE
:10857000F6F0DFEFC2F007013E51010AD8B4F8EF80
:10858000C1F0030AD8B4FFEFC1F0010AD8B404EF78
:10859000C2F0070AD8B412EFC2F00D0AD8B451EFF6
:1085A000C2F0030AD8B45FEFC2F0010AD8B469EF91
:1085B000C2F0F40AD8B4A4EFC2F0B0EFC2F00701E1
:1085C0003E6B1200D4ECF7F08C0E4C6EF40E4D6E38
:1085D0005FECF6F06A0E0601F26FFE0EF36F6FC7E6
:1085E00004F570C705F56DC706F56EC707F5B9EC5C
:1085F000F5F004C5F4F605C5F5F606C5F6F607C5AB
:10860000F7F60FECCBF0F2C6C2F7F3C6C3F70701DB
:10861000C251C311D8A40FEFC3F011EFC3F079EF2B
:10862000C3F0A40E4C6E070E4D6EC30E4E6EFF0EC1
:108630004F6E900E506E080E516E360E526EFF0E3B
:10864000536ED0ECF3F0A40E0601F26F070EF36F39
:1086500067C704F568C705F563C706F564C707F57E
:10866000B9ECF5F004C5F4F605C5F5F606C5F6F661
:1086700007C5F7F60FECCBF0F2C6C2F7F3C6C3F7A7
:108680000701C251C311D8A448EFC3F04AEFC3F0A9
:1086900079EFC3F0A40E4C6E070E4D6EC30E4E6EF6
:1086A000FF0E4F6E900E506E080E516E840E526E7D
:1086B000FE0E536ED0ECF3F0A40E0601F26F070E1F
:1086C000F36F67C704F568C705F565C706F566C7A4
:1086D00007F5B9ECF5F004C5F4F605C5F5F606C5E1
:1086E000F6F607C5F7F60FECCBF0F2C6C2F7F3C605
:1086F000C3F70701C251C311D8B481EFC3F083EFB0
:10870000C3F08FEFC3F0200E4C6EFA0E4D6E5FEC8F
:10871000F6F00601F96B010EF86FBFEFC3F061517F
:108720006211D8A496EFC3F098EFC3F0A0EFC3F0A6
:1087300063C75BF764C75CF767C75DF768C75EF739
:108740006FC704F570C705F56DC706F56EC707F569
:10875000B9ECF5F004C50CF505C50DF506C50EF52B
:1087600007C50FF55B0E106E070E116E136A040E2F
:10877000126E91ECE1F00601F96B000EF86F120039
:10878000000E0C6EF50E0D6E0F0E0E6E000E0F6EBF
:10879000590E106E060E116E136A0C0E126EC4EC9A
:1087A000E2F006015951D8B4D8EFC3F0DAEFC3F0C4
:1087B000E2EFC3F0590E156E060E166EE9ECD0F01E
:1087C00086EFC4F05A0E576F1B0E586F63514F6FF0
:1087D0006451506F516B526B040ED8904F37503725
:1087E00051375237E82EEDEFC3F061514F25536FEB
:1087F00062515021546F000E5121556F000E5221CD
:10880000566F53C60CF554C60DF555C60EF556C633
:108810000FF557C610F558C611F5136A160E126EED
:10882000C4ECE2F05DEFC4F057C606F558C607F594
:10883000C3ECF7F075EFC4F057C606F558C607F558
:10884000BCECF7F075EFC4F057C623F558C624F515
:1088500002D836EFC4F00500FA6E07011251FD6E22
:108860001351FE6E1451FF6EFA50120075EFC4F0F2
:1088700057C615F558C616F554ECCDF075EFC4F093
:1088800057C64DF658C64EF6D0ECBAF075EFC4F0A8
:1088900020EE03F05751D9265851DA22030EDE6E2E
:1088A000810EDD6E950E4C6EF90E4D6E59C64EF56D
:1088B0004F6A5FECF6F075EFC4F006015F51100AE5
:1088C000D8B414EFC4F0300AD8B41CEFC4F0100AC6
:1088D000D8B424EFC4F0700AD8B438EFC4F0100A4A
:1088E000D8B440EFC4F048EFC4F053C60CF554C6FA
:1088F0000DF555C60EF556C60FF557C610F558C6F8
:1089000011F5136A160E126E91ECE1F0000E0C6E6A
:10891000F50E0D6E0F0E0E6E000E0F6E590E106ED0
:10892000060E116E136A020E126E91ECE1F0120047
:1089300007014651040D360EF324D96E080EF420BB
:10894000DA6EDEC44AF6DDC44BF61EECD7F0060143
:1089500038513911D8B4AFEFC4F0B1EFC4F0B6EF6D
:10896000C4F00601416942696CEFC5F04CC704F5DB
:108970004DC705F54AC706F54BC707F5B9ECF5F045
:1089800004C546F605C547F606C548F607C549F6C7
:1089900046C60CF547C60DF548C60EF549C60FF597
:1089A000000E106E090E116E136A800E126EC4EC6A
:1089B000E2F007010251D8B4E0EFC4F0E2EFC4F0F6
:1089C00019EFC5F00351D8B4E8EFC4F0EAEFC4F0F2
:1089D00019EFC5F046C743F6010E0601446F000EBD
:1089E000456F432BF7EFC4F0D89044374537432FFA
:1089F000F4EFC4F0070104510601441707010551C3
:108A00000601451744514511D8A409EFC5F00BEFF5
:108A1000C5F019EFC5F0C90E05017D6FFF0E7E6F21
:108A2000000E7F6F090E806F826B800E816F4DECA0
:108A3000EEF04AC60FF64BC610F6000E0601116F97
:108A4000090E126F146B800E136F4D0E156F060E0C
:108A5000166FBDEC85F006014C6F4C51D8A433EF76
:108A6000C5F035EFC5F03FEFC5F0800E4D194E1142
:108A7000D8B43DEFC5F03FEFC5F04EEFC5F01C0E8A
:108A80004C6EF90E4D6E4CC64EF54F6A4DC650F504
:108A90004EC651F55FECF6F0B1EFC4F04AC6C5F52D
:108AA0004BC6C6F5EFECBCF006014C6F4C51D8B488
:108AB0005CEFC5F05EEFC5F069EFC5F0DD0E4C6E02
:108AC000FC0E4D6E4CC64EF54F6A5FECF6F0B1EF02
:108AD000C4F0426B000E416F120007013B51020DC2
:108AE000540EF324D96E080EF420DA6EDEC43FF67D
:108AF000DDC440F63AC638F63BC639F67DECE5F003
:108B0000060138513911D8B488EFC5F08AEFC5F0A5
:108B10008FEFC5F006013A693B6940EFC6F029C7FF
:108B200004F52AC705F52BC706F52CC707F5B9ECE0
:108B3000F5F004C50CF505C50DF506C50EF507C520
:108B40000FF55A0E106E190E116E020E136E000EF6
:108B5000126EC4ECE2F007010251D8B4B2EFC5F0D6
:108B6000B4EFC5F0ECEFC5F00351D8B4BAEFC5F0DF
:108B7000BCEFC5F0ECEFC5F03BC73CF6010E0601BB
:108B80003D6F000E3E6F3C2BC9EFC5F0D8903D37CE
:108B90003E373C2FC6EFC5F00701045106013D17D3
:108BA0000701055106013E173D513E11D8A4DBEFE8
:108BB000C5F0DDEFC5F0ECEFC5F0C90E05017D6F26
:108BC000FF0E7E6F5A0E7F6F190E806F020E826F3E
:108BD000000E816F4DECEEF03FC60FF640C610F66A
:108BE0005A0E0601116F190E126F020E146F000E4D
:108BF000136F420E156F060E166FBDEC85F0060161
:108C0000416F4151D8A407EFC6F009EFC6F013EF4A
:108C1000C6F0020E43194211D8B411EFC6F013EF9B
:108C2000C6F022EFC6F01C0E4C6EF90E4D6E41C61A
:108C30004EF54F6A42C650F543C651F55FECF6F06B
:108C40008AEFC5F03FC6C5F540C6C6F5EFECBCF0EF
:108C50000601416F4151D8B430EFC6F032EFC6F093
:108C60003DEFC6F0DD0E4C6EFC0E4D6E41C64EF56E
:108C70004F6A5FECF6F08AEFC5F03B6B000E3A6F7F
:108C80001200040E0601296F1DC6D9F41EC6DAF4BF
:108C9000DEC425F6DDC426F6EDEFC6F025C6BAF52E
:108CA00026C6BBF520EE16F01D51D9261E51DA223C
:108CB000DEC4BCF5DEC4BDF5DEC4BEF5DEC4BFF562
:108CC000F3ECE3F00601296F2951D8B46AEFC6F03E
:108CD0006CEFC6F06EEFC6F0FEEFC6F020EE1AF0B5
:108CE0001D51D9261E51DA22DEC421F6DDC422F63A
:108CF00021C6D9F422C6DAF4DF50286F2851D8A44F
:108D000084EFC6F086EFC6F08AEFC6F0040E296F36
:108D1000FEEFC6F020EE1AF01D51D9261E51DA22C0
:108D200010EE0BF0DE50E126DD50E222E7503F0B63
:108D3000276F20EE04F01D51D9261E51DA2227C6D6
:108D4000DFF4E50E2819D8B4A8EFC6F0AAEFC6F0F4
:108D5000D8EFC6F02E0E2819D8B4B1EFC6F0B3EF95
:108D6000C6F0D8EFC6F00F0E2719D8B4BAEFC6F088
:108D7000BCEFC6F0D8EFC6F02751DF0B080AD8B415
:108D8000C4EFC6F0C7EFC6F0010EC8EFC6F0000E84
:108D9000216F226B1F51211907E120512219D8A4FC
:108DA000D4EFC6F0D6EFC6F0D8EFC6F0FEEFC6F0AF
:108DB0001DC60FF61EC610F6126B000E116F7FEC6B
:108DC000A2F00601296F2951D8B4E9EFC6F0EBEF04
:108DD000C6F0EDEFC6F0FEEFC6F020EE16F01D5126
:108DE000D9261E51DA22DE50DE10DE10DE10D8A4A5
:108DF000FCEFC6F0FEEFC6F04EEFC6F02951D8B436
:108E000004EFC7F006EFC7F010EFC7F020EE16F042
:108E10001D51D9261E51DA22DE6ADE6ADE6ADD6A5B
:108E2000295112000601806F06018051D8B41BEF52
:108E3000C7F01DEFC7F020EFC7F0020EE0EFC7F05C
:108E4000000E0501816F000E826F000E836F000E11
:108E5000846F010E866F800E856F000E876F060E81
:108E6000886F8A6B800E896FAFECB3F0050181517A
:108E70008211D8B43EEFC7F040EFC7F042EFC7F021
:108E80001DEFC7F0550E06017E19D8A44AEFC7F0B2
:108E90004CEFC7F01DEFC7F0AA0E7F19D8B453EFFF
:108EA000C7F055EFC7F057EFC7F01DEFC7F0420509
:108EB000D8B45DEFC7F05FEFC7F08EEFC7F0040ED8
:108EC0004219D8B466EFC7F068EFC7F08EEFC7F06D
:108ED000060E4219D8B46FEFC7F071EFC7F08EEFEE
:108EE000C7F00B0E4219D8B478EFC7F07AEFC7F08D
:108EF0008EEFC7F00C0E4219D8B481EFC7F083EFA4
:108F0000C7F08EEFC7F00E0E4219D8B48AEFC7F043
:108F10008CEFC7F08EEFC7F01DEFC7F04951070186
:108F2000DC6FDD6BDE6BDF6B06014851DCC79FF544
:108F3000DDC7A0F5DEC7A1F505019E6B9E110701F7
:108F4000DC6F05019F510701DD6F0501A05107018D
:108F5000DE6F0501A1510701DF6F06014751DCC734
:108F60009FF5DDC7A0F5DEC7A1F505019E6B9E113B
:108F70000701DC6F05019F510701DD6F0501A0515D
:108F80000701DE6F0501A1510701DF6F06014651A0
:108F9000DCC79FF5DDC7A0F5DEC7A1F505019E6B17
:108FA0009E110701DC6F05019F510701DD6F05016F
:108FB000A0510701DE6F0501A1510701DF6F000E0F
:108FC00012000501B96B20EE04F0A751D926A85173
:108FD000DA22DF50D8B4EFEFC7F0F1EFC7F0ACEF13
:108FE000C8F0300EA7259C6F000EA8219D6F20EEC3
:108FF0002CF0A751D926A851DA22DEC49EF5DEC492
:109000009FF5DEC4A0F5DEC4A1F5A36B010EA26F2F
:1090100020EE01F0A751D926A851DA22DF509AECB0
:10902000EBF00009D8A417EFC8F019EFC8F0A9EFCA
:10903000C8F0050120EE04F0A751D926A851DA2284
:10904000DF6A20EE18F0A751D926A851DA2210EED7
:1090500020F0A751E126A851E222E6C4ADF5E6C40E
:10906000AEF5E6C4AFF5E6C4B0F510EE2CF0A751AE
:10907000E126A851E222E6C4B1F5E6C4B2F5E6C4A1
:10908000B3F5E6C4B4F5AD51B15DB56FAE51B259AB
:10909000B66FAF51B359B76FB051B459B86FDE5016
:1090A000B55DDE50B659DE50B759DE50B859D8B06C
:1090B0005CEFC8F05EEFC8F0ACEFC8F020EE03F054
:1090C000A751D926A851DA22020EDE18D8A46BEFD8
:1090D000C8F06DEFC8F0ACEFC8F0300EA7259C6F5C
:1090E000000EA8219D6F20EE18F0A751D926A85197
:1090F000DA22DEC4A9F5DEC4AAF5DEC4ABF5DEC40F
:10910000ACF520EE2CF0A751D926A851DA22DEC406
:10911000ADF5DEC4AEF5DEC4AFF5DEC4B0F5A951E1
:10912000AD259E6FAA51AE219F6FAB51AF21A06FAD
:10913000AC51B021A16FA36B010EA26F20EE01F024
:10914000A751D926A851DA22DF509AECEBF0ACEF08
:10915000C8F0010E0501B96F0501B9511200010EE9
:10916000266E23BEB6EFC8F0B9EFC8F0010EBAEF15
:10917000C8F0000E296E15C727F516C728F5295027
:10918000D8B4C5EFC8F0C7EFC8F0DCEFC8F02706C9
:10919000D8A028062950D8A4D0EFC8F0D2EFC8F044
:1091A000D7EFC8F0256A2B0E246EDAEFC8F0256AD7
:1091B0002D0E246E24C529F52B6A1F0E2A6E080178
:1091C000866B25EFC9F02A06D8A02B06670E2A2445
:1091D000D96E080E2B20DA6E20C504F521C505F5E1
:1091E00022C506F523C507F50A0E086E000E096EA6
:1091F000000E0A6E000E0B6ECBECDCF004C50EF513
:1092000005C50FF5EFECF5F00E50300FDF6E266A56
:109210002706D8A0280620C504F521C505F522C5D6
:1092200006F523C507F50A0E086E000E096E000E3E
:109230000A6E000E0B6ED3ECD9F004C520F505C5FF
:1092400021F506C522F507C523F52BBE30EFC9F081
:109250002B5008E12A04D8A030EFC9F032EFC9F052
:1092600059EFC9F02050211022102310D8A43BEF51
:10927000C9F03DEFC9F0E3EFC8F02650D8A443EFA2
:10928000C9F045EFC9F0E3EFC8F028BE50EFC9F0D0
:10929000285008E12704D8A050EFC9F052EFC9F0D8
:1092A00059EFC9F05CB257EFC9F059EFC9F0E3EFDD
:1092B000C8F02950D8B45FEFC9F061EFC9F06CEF86
:1092C000C9F02A06D8A02B06670E2A24D96E080EEC
:1092D0002B20DA6E29C5DFF41EC515F51FC516F55E
:1092E000670E2A24176E080E2B20186E27C519F555
:1092F00028C51AF503ECEBF012000D680E6804C5E2
:10930000D9F405C5DAF4DEC40FF5DDC410F50FC5D8
:109310000AF510C50BF50F501010D8A492EFC9F044
:1093200094EFC9F098EFC9F00468056849EFCAF0F6
:109330000AC5F6F40BC5F7F4000EF86E3F0EF7649D
:1093400003D00800F55005D0F6C4E9F4F7C4EAF4F8
:10935000EF500C6E0A4A0B2A200E0C64B2EFC9F0D3
:10936000B4EFC9F0BDEFC9F03A0E0C18D8A4BBEFAA
:10937000C9F0BDEFC9F098EFC9F03A0E0C18D8A4A7
:10938000C4EFC9F0C6EFC9F046EFCAF0096A010E92
:10939000086E0FC5F6F410C5F7F4000EF86E3F0E18
:1093A000F76403D00800F55005D0F6C4E9F4F7C41B
:1093B000EAF4EF50066E2F0E0664E1EFC9F0E3EF1A
:1093C000C9F027EFCAF00FC5F6F410C5F7F4000E88
:1093D000F86E3F0EF76403D00800F55005D0F6C4D0
:1093E000E9F4F7C4EAF4EF50066E3A0E0660FBEFBC
:1093F000C9F0FDEFC9F027EFCAF0020E0F24066E88
:10940000000E1020076E0A50061807E10B500718CF
:10941000D8A40DEFCAF00FEFCAF027EFCAF00FC5BE
:10942000F6F410C5F7F4000EF86E3F0EF76403D0A3
:109430000800F55005D0F6C4E9F4F7C4EAF4EF509B
:10944000066ED00E0624086E096AFF0E092209BEB8
:1094500034EFCAF0095006E10804D8B032EFCAF080
:1094600034EFCAF040EFCAF008C50DF509C50EF596
:1094700004C5D9F405C5DAF40AC5DEF40BC5DDF47C
:109480000DC504F50EC505F549EFCAF0056A000ED5
:10949000046E120007013B51020D540EF324D96EE5
:1094A000080EF420DA6EDEC440F6DDC441F63AC69A
:1094B00038F63BC639F67DECE5F006013851391136
:1094C000D8B465EFCAF067EFCAF06CEFCAF00601D6
:1094D0003A693B690EEFCBF040C6DFF541C6E0F5D7
:1094E0003CC6E1F53DC6E2F5020E0501E46F000E53
:1094F000E36F430EE56F060EE66F4AEC8EF0060151
:10950000426F4251D8A487EFCAF089EFCAF093EFB7
:10951000CAF0020E44194311D8B491EFCAF093EF88
:10952000CAF0A2EFCAF03C0E4C6EF90E4D6E42C668
:109530004EF54F6A43C650F544C651F55FECF6F060
:1095400067EFCAF007010151D8B4A9EFCAF0ABEF39
:10955000CAF0E4EFCAF00351D8B4B1EFCAF0B3EFE8
:10956000CAF0E4EFCAF03BC7FBF5010E0501FC6F42
:10957000000EFD6FFB2BC0EFCAF0D890FC37FD3713
:10958000FB2FBDEFCAF0070104510501FC170701CD
:1095900005510501FD17FC51FD11D8A4D2EFCAF009
:1095A000D4EFCAF0E4EFCAF0C90E7D6FFF0E7E6FF4
:1095B0003CC67FF53DC680F5020E826F000E816FBE
:1095C0004DECEEF00AEFCBF006013E513F11D8B45E
:1095D000ECEFCAF0EEEFCAF00AEFCBF029C704F5C2
:1095E0002AC705F52BC706F52CC707F5B9ECF5F02A
:1095F00004C50CF505C50DF506C50EF507C50FF537
:109600003CC610F53DC611F5020E136E000E126E2B
:1096100091ECE1F006013B6B000E3A6F12005A0E1E
:1096200007019B6F1B0E9C6F790E4C6E070E4D6EE3
:10963000C60E4E6EFF0E4F6EF2C650F5F3C651F5D4
:10964000D0ECF3F0380E0601A26F150EA36F790E61
:10965000A46F070EA56F010EA66F22EC92F0070112
:10966000A36FA351D8B437EFCBF039EFCBF03FEF76
:10967000CBF0A3C7F2F60601F36BD2EFCBF0F4C642
:1096800097F7F5C698F7F6C699F7F7C69AF7650003
:1096900008F527F765000CF528F727C79FF728C7B7
:1096A000A0F7020E9E6F000E9D6FA2EFCBF0380E5A
:1096B0000501DF6F150EE06F9BC7E1F59CC7E2F572
:1096C0009DC7E3F59EC7E4F5A10EE56F070EE66FB3
:1096D0004AEC8EF00701A36FA351D8A472EFCBF030
:1096E00074EFCBF0ABEFCBF097C70CF598C70DF547
:1096F00099C70EF59AC70FF59BC710F59CC711F5D2
:10970000A1C712F5A2C713F591ECE1F00701A15131
:109710009727A2519823000E9923000E9A23A15156
:109720009F5FA251A05B9D519F5D9E51A059D8B0F3
:109730009CEFCBF09EEFCBF0A2EFCBF09FC79DF755
:10974000A0C79EF79F51A011D8A4A9EFCBF0ABEF13
:10975000CBF057EFCBF0A351D8A4B1EFCBF0B3EFE0
:10976000CBF0C9EFCBF0E30E4C6EF70E4D6EF2C6A8
:109770004EF5F3C64FF5F4C650F5F5C651F5F6C6ED
:1097800052F5F7C653F527C754F528C755F55FECD2
:10979000F6F0380E0501D06F150ED16F8BECF2F09C
:1097A00039EFCBF012000601A251A311D8A4DBEFD0
:1097B000CBF0DDEFCBF0E0EFCBF0090E93EFCCF088
:1097C000A40E0501F16F060EF26FA60EF36F060EE2
:1097D000F46F000EF56F00EC80F00601A86FA85141
:1097E000D8A4F5EFCBF0F7EFCBF084EFCCF0A2C626
:1097F000D9F4A3C6DAF4A6C6DEF4A7C6DDF4A2C681
:1098000025F6A3C626F6A4C627F6A5C628F6E0ECDC
:10981000BBF00601A86FA851D8A411EFCCF013EF4C
:10982000CCF079EFCCF020EE27F0A251D926A3514D
:10983000DA22DFBE1EEFCCF020EFCCF050EFCCF000
:1098400020EE04F0A251D926A351DA22DFA82BEF93
:10985000CCF02DEFCCF04EEFCCF0A6C60BF5A7C6A2
:109860000CF520EE1AF0A251D926A351DA22DEC45B
:109870000DF5DDC40EF50DECEEF0060120EE06F060
:10988000A251D926A351DA220BC5DEF40CC5DEF4B1
:109890000DC5DEF40EC5DEF450EFCCF0050EA86F5A
:1098A000A851D8A456EFCCF058EFCCF079EFCCF01B
:1098B00020EE06F0A651D926A751DA2210EE02F0CA
:1098C000A251E126A351E222DEC4E6F4DDC4E5F4B0
:1098D000A2C6DFF5A3C6E0F5000E0501E16F000E9C
:1098E000E26F000EE36F000EE46FC9ECA8F0060112
:1098F000A86F040EA819D8A480EFCCF082EFCCF0AA
:1099000084EFCCF0050EA86FA851D8B48AEFCCF044
:109910008CEFCCF092EFCCF0A2C6D9F4A3C6DAF467
:10992000DE6ADD6AA85112001DC6D9F41EC6DAF43B
:10993000DEC421F6DDC422F61DC6DFF51EC6E0F545
:10994000000E0501E16F000EE26F000EE36F000EE6
:10995000E46FC9ECA8F00601246F2451D8B4B3EF2A
:10996000CCF0B5EFCCF0B9EFCCF00601245153EFB9
:10997000CDF021C6BAF522C6BBF520EE16F01D517A
:10998000D9261E51DA22DEC4BCF5DEC4BDF5DEC424
:10999000BEF5DEC4BFF5F3ECE3F00601246F2451FD
:1099A000D8B4D5EFCCF0D7EFCCF0D9EFCCF0B5EF01
:1099B000CCF020EE1AF01D51D9261E51DA22DEC459
:1099C0001FF6DDC420F61FC6D9F420C6DAF4DF5036
:1099D000236F2351D8A4EFEFCCF0F1EFCCF0F5EFEB
:1099E000CCF0040E246FB5EFCCF020EE04F01D5146
:1099F000D9261E51DA2210EE1AF01D51E1261E5111
:109A0000E22200EE0BF0E650E926E550EA22EF50A4
:109A10003F0BDF6E20EE1AF01D51D9261E51DA22BF
:109A200010EE0BF0DE50E126DD50E222E7B61BEF30
:109A3000CDF01DEFCDF03DEFCDF020EE1AF01D5131
:109A4000D9261E51DA22DEC404F5DDC405F51C0E4C
:109A50001D25066E000E1E21076E096A0B0E086E8C
:109A6000F8ECE1F004500510D8A439EFCDF03BEF4D
:109A7000CDF03DEFCDF0B5EFCCF01DC60FF61EC614
:109A800010F60601126B000E116F7FECA2F00601BA
:109A9000246F2451D8B44FEFCDF051EFCDF0B9EF92
:109AA000CCF0B5EFCCF012005A0E1B6E1C0E1C6EE3
:109AB00020EE10F01550D9261650DA22DEC404F537
:109AC000DDC405F520EE0EF01550D9261650DA2229
:109AD000DEC406F5DDC407F5B9ECF5F004C517F5ED
:109AE00005C518F506C519F507C51AF5F1EFCDF04E
:109AF00015C504F516C505F56FECF7F012EFCEF0BD
:109B000041ECF4F004501BC5D9F41CC5DAF4DF6E47
:109B100017C50CF518C50DF519C50EF51AC50FF5C5
:109B20001BC510F51CC511F5136A010E126E91ECE0
:109B3000E1F015C504F516C505F564ECF7F012EF74
:109B4000CEF05A505B10D8B4A8EFCDF0AAEFCDF00C
:109B5000C1EFCDF0000E07013325D96E0A0E342176
:109B6000DA6E10EE0DF01550E1261650E222DFC439
:109B7000E7F415C504F516C505F564ECF7F012EF2A
:109B8000CEF015C504F516C505F57AECF7F012EF21
:109B9000CEF0D69E0701326B000E316F346B000E93
:109BA000336F5B6A000E5A6ED68EB9EFCDF017C5D3
:109BB0000CF518C50DF519C50EF51AC50FF51BC521
:109BC00010F51CC511F5136A010E126EC4ECE2F01B
:109BD0001BC5D9F41CC5DAF4DF5085ECF7F0B9EFFA
:109BE000CDF020EE02F01550D9261650DA22DF50C3
:109BF000030AD8B478EFCDF0070AD8B480EFCDF0DF
:109C0000010AD8B4A1EFCDF0020AD8B4C9EFCDF063
:109C10000F0AD8B4D7EFCDF0010AD8B4D7EFCDF002
:109C2000B9EFCDF0120007014651040D360EF324B2
:109C3000D96E080EF420DA6EDEC447F6DDC448F6AD
:109C40001EECD7F0060138513911D8B42AEFCEF006
:109C50002CEFCEF031EFCEF0060141694269CEEF34
:109C6000CEF047C6DFF548C6E0F5000E0501E16F0E
:109C7000090EE26FE46B800EE36F4A0EE56F060E8D
:109C8000E66F4AEC8EF00601496F4951D8A44BEFBC
:109C9000CEF04DEFCEF057EFCEF0800E4A194B11BB
:109CA000D8B455EFCEF057EFCEF066EFCEF03C0EC5
:109CB0004C6EF90E4D6E49C64EF54F6A4AC650F5C8
:109CC0004BC651F55FECF6F02CEFCEF007010151D9
:109CD000D8B46DEFCEF06FEFCEF0A7EFCEF003511A
:109CE000D8B475EFCEF077EFCEF0A7EFCEF046C741
:109CF000FCF5010E0501FD6F000EFE6FFC2B84EFDD
:109D0000CEF0D890FD37FE37FC2F81EFCEF0070163
:109D100004510501FD17070105510501FE17FD510D
:109D2000FE11D8A496EFCEF098EFCEF0A7EFCEF0CC
:109D3000C90E7D6FFF0E7E6F000E7F6F090E806F64
:109D4000826B800E816F4DECEEF0CAEFCEF04CC707
:109D500004F54DC705F54AC706F54BC707F5B9EC3D
:109D6000F5F004C543F605C544F606C545F607C536
:109D700046F643C60CF544C60DF545C60EF546C677
:109D80000FF5000E106E090E116E136A800E126E22
:109D900091ECE1F00601426B000E416F120066C5C6
:109DA0007DF567C57EF50F0E050168256A6F000E0B
:109DB00069216B6FF00E6A15686FFF0E6B15696F86
:109DC000806B000E7F6F7BEFCFF00F0E7F156A6FF9
:109DD000000E80156B6F6A516B11D8A4F2EFCEF0B4
:109DE000F4EFCEF00AEFCFF05D0E4C6EFF0E4D6E2D
:109DF00060C54EF561C54FF57F516225506E8051AB
:109E00006321516E000E6421526E000E6521536E67
:109E10005FECF6F0B70E4C6EFF0E4D6E05017F51F4
:109E20007D25D96E80517E21DA6EDF506A6F6A51CE
:109E30004E6E4F6A5FECF6F005017F517D25D96EBD
:109E400080517E21DA6E1F0EDF6429EFCFF02BEFF9
:109E5000CFF04FEFCFF07F517D25D96E80517E211D
:109E6000DA6E7F0EDF6037EFCFF039EFCFF04FEFD4
:109E7000CFF07F517D25D96E80517E21DA6E0F0E95
:109E80007F156A6F000E80156B6F6C0E6A25E16E90
:109E9000050E6B21E26EDFC4E7F45DEFCFF00F0E2D
:109EA0007F156A6F000E80156B6F6C0E6A25D96E78
:109EB000050E6B21DA6E2E0EDF6E0F0E7F156A6FA8
:109EC000000E80156B6F0F0E6A196B11D8A46BEF23
:109ED000CFF06DEFCFF078EFCFF07C6BAF0E4C6E24
:109EE000FE0E4D6E6C0E4E6E050E4F6E5FECF6F074
:109EF00005017F4B802B68517F5D69518059D8A047
:109F000084EFCFF086EFCFF0E5EFCEF0120010C572
:109F100018F511C519F518501910D8A492EFCFF003
:109F200094EFCFF098EFCFF0A20E186EFF0E196EDF
:109F30001B6A000E1A6E9FEFCFF01A4A1B2A1A50A6
:109F40001824126E1B501920136E12C5F6F413C597
:109F5000F7F4000EF86E3F0EF76403D00800F550DA
:109F600005D0F6C4E9F4F7C4EAF4EF500009D8A428
:109F7000BCEFCFF0BEEFCFF09DEFCFF01AC514F5D8
:109F80001BC515F515C716F516C717F55CB0CBEF51
:109F9000CFF0CDEFCFF008EFD0F0DAEFCFF0066AD8
:109FA000200E056E0EC507F50FC508F58EECE3F023
:109FB0001A4A1B2A16501A5C1B50800A126E175040
:109FC000800A1258D8A0E7EFCFF0E9EFCFF0CFEF3B
:109FD000CFF008EFD0F018C5F6F419C5F7F4000E6D
:109FE000F86E3F0EF76403D00800F55005D0F6C4B4
:109FF000E9F4F7C4EAF4EF50126E1250056E066AE7
:10A000000EC507F50FC508F58EECE3F0184A192ABE
:10A010001406D8A01506142806E11528D8A413EFB5
:10A02000D0F015EFD0F0EBEFCFF05CA01AEFD0F04E
:10A030001CEFD0F038EFD0F029EFD0F0066A200EF8
:10A04000056E0EC507F50FC508F58EECE3F01A4A4C
:10A050001B2A16501A5C1B50800A126E1750800A79
:10A060001258D8A036EFD0F038EFD0F01EEFD0F075
:10A07000120062C579F563C57AF50F0E05016425F6
:10A08000666F000E6521676FF00E6615646FFF0E38
:10A090006715656F7C6B000E7B6FDDEFD0F00F0EE8
:10A0A0007B15666F000E7C15676F66516711D8A42B
:10A0B0005CEFD0F05EEFD0F06CEFD0F08A0E4C6E1B
:10A0C000FF0E4D6E60C54EF561C54FF57BC550F571
:10A0D0007CC551F55FECF6F0B70E4C6EFF0E4D6E81
:10A0E00005017B517925D96E7C517A21DA6EDF50DA
:10A0F000666F66514E6E4F6A5FECF6F005017B515C
:10A100007925D96E7C517A21DA6E1F0EDF648BEFD0
:10A11000D0F08DEFD0F0B1EFD0F07B517925D96E32
:10A120007C517A21DA6E7F0EDF6099EFD0F09BEFE1
:10A13000D0F0B1EFD0F07B517925D96E7C517A21E6
:10A14000DA6E0F0E7B15666F000E7C15676F680E5A
:10A150006625E16E050E6721E26EDFC4E7F4BFEF0E
:10A16000D0F00F0E7B15666F000E7C15676F680EC2
:10A170006625D96E050E6721DA6E2E0EDF6E0F0E84
:10A180007B15666F000E7C15676F0F0E66196711E1
:10A19000D8A4CDEFD0F0CFEFD0F0DAEFD0F0786BDD
:10A1A000AF0E4C6EFE0E4D6E680E4E6E050E4F6E6F
:10A1B0005FECF6F005017B4B7C2B64517B5D6551B8
:10A1C0007C59D8A0E6EFD0F0E8EFD0F04FEFD0F018
:10A1D000120073EFD1F041ECF4F020EE01F01550D5
:10A1E000D9261650DA2204C5DFF48EEFD1F020EE26
:10A1F00001F01550D9261650DA22DF5085ECF7F021
:10A200008EEFD1F020EE01F01550D9261650DA224B
:10A210005A505B10D8A40FEFD1F012EFD1F0010E1D
:10A2200013EFD1F0000EDF6E8EEFD1F05A0E186EE4
:10A230001B0E196E20EE01F01550D9261650DA22A9
:10A24000DF50176E17501A6E1B6A20EE04F015507F
:10A25000D9261650DA22DEC404F5DDC405F520EE59
:10A2600002F01550D9261650DA22DEC406F5DDC4F8
:10A2700007F5B9ECF5F004C50CF505C50DF506C5F7
:10A280000EF507C50FF518C510F519C511F51AC556
:10A2900012F51BC513F5C4ECE2F05BEFD1F018C565
:10A2A000D9F419C5DAF4DF5085ECF7F0184A192A09
:10A2B0001A06D8A01B061A501B10D8A462EFD1F0C2
:10A2C00064EFD1F04FEFD1F08EEFD1F007013D6B8D
:10A2D0003C6BEEECF7F0B4ECF7F00701366B010ED7
:10A2E000356F8EEFD1F015C5D9F416C5DAF4DF500D
:10A2F000010AD8B4EBEFD0F0030AD8B4F7EFD0F0EE
:10A30000010AD8B402EFD1F0070AD8B416EFD1F0A1
:10A31000FB0AD8B466EFD1F08EEFD1F015C5D9F4B1
:10A3200016C5DAF4DF6A12004CC704F54DC705F50F
:10A330004AC706F54BC707F5B9ECF5F004C528F593
:10A3400005C529F506C52AF507C52BF507013751BF
:10A350003811D8B4AEEFD1F0B0EFD1F027EFD2F092
:10A36000000E046E070E056E4E0E066E070E076E8B
:10A37000D00EBFECE0F0FF0AD8A4C1EFD1F0C3EFDC
:10A38000D1F0C6EFD1F0010E3BEFD2F007014E51F4
:10A39000D5ECF6F007015A6F4F51D5ECF6F00701F6
:10A3A000576F5051D5ECF6F00701586F5251D5EC6C
:10A3B000F6F0236E2350266E276A07015351D5EC21
:10A3C000F6F0236E2350246E256A07015451D5EC14
:10A3D000F6F0236E23502C6E2D6A2D5009E1500E9D
:10A3E0002C5CD8A0F6EFD1F0F8EFD1F0FEEFD1F071
:10A3F0006C0E2C26070E2D2202EFD2F0D00E2C264A
:10A40000070E2D222CC515F52DC516F524C517F5FB
:10A4100025C518F526C519F527C51AF553ECE0F042
:10A4200015C555F716C556F728C50CF529C50DF500
:10A430002AC50EF52BC50FF5550E106E070E116EC1
:10A44000136A060E126E91ECE1F03AEFD2F0A19E83
:10A4500028C50CF529C50DF52AC50EF52BC50FF538
:10A46000550E106E070E116E136A060E126E91ECE9
:10A47000E1F0A18E000E1200BAC5A7F5BBC5A8F584
:10A48000E1ECC7F00009D8B448EFD2F04AEFD2F0BF
:10A490004DEFD2F0010EE0EFD2F0BAC510F5BBC51A
:10A4A00011F5BCC512F5BDC513F5BEC514F5BFC584
:10A4B00015F55EECE2F010C5C4F511C5C5F512C581
:10A4C000C6F513C5C7F5050120EE2CF0BA51D92603
:10A4D000BB51DA22C4C5DEF4C5C5DEF4C6C5DEF460
:10A4E000C7C5DEF4300EBA25046E000EBB21056E22
:10A4F000076A000E066E020E096E000E086E65EC0D
:10A50000F5F0300E0501BA25C26F000EBB21C36FF6
:10A51000C96B010EC86FCB6B000ECA6F95EFD2F0FE
:10A520000501C851CA27C951CB2320EE0AF0BA5100
:10A53000D926BB51DA22DE50CA5DDE50CB59D8B0E5
:10A54000A4EFD2F0A6EFD2F0CBEFD2F0C2C59CF5CB
:10A55000C3C59DF5CA51C4259E6FCB51C5219F6FC0
:10A56000000EC621A06F000EC721A16FC8C5A2F5BD
:10A57000C9C5A3F520EE01F0BA51D926BB51DA22A4
:10A58000DF509AECEBF00009D8B4C9EFD2F0CBEF72
:10A59000D2F090EFD2F0050120EE0AF0BA51D926A0
:10A5A000BB51DA22CA51DE1807E1CB51DE18D8A41C
:10A5B000DCEFD2F0DFEFD2F0010EE0EFD2F0000ED0
:10A5C00012001DC6D9F41EC6DAF4DEC424F6DDC4BA
:10A5D00025F61DC6DFF51EC6E0F5000E0501E16F8C
:10A5E000000EE26F000EE36F000EE46FC9ECA8F0FE
:10A5F0000601286F2851D8A400EFD3F002EFD3F062
:10A6000078EFD3F0276B000E266F24C6BAF525C667
:10A61000BBF520EE16F01D51D9261E51DA22DEC4FC
:10A62000BCF5DEC4BDF5DEC4BEF5DEC4BFF5F3EC9B
:10A63000E3F00601286F2851D8B421EFD3F023EFBF
:10A64000D3F025EFD3F078EFD3F020EE1AF01D51C0
:10A65000D9261E51DA22DEC421F6DDC422F621C637
:10A66000D9F422C6DAF4E50EDE18D8B43AEFD3F006
:10A670003CEFD3F052EFD3F020EE1AF01D51D92663
:10A680001E51DA22DEC421F6DDC422F621C6D9F439
:10A6900022C6DAF4DF50D8A450EFD3F052EFD3F053
:10A6A00062EFD3F0264B272B1F51261907E12051CB
:10A6B0002719D8A45EEFD3F060EFD3F065EFD3F0A5
:10A6C00078EFD3F0276B000E266F1DC60FF61EC65F
:10A6D00010F6126B010E116F7FECA2F00601286FCD
:10A6E0002851D8B476EFD3F078EFD3F005EFD3F05C
:10A6F000040E2819D8A47FEFD3F081EFD3F083EFB5
:10A70000D3F0070E286F28511200010E2C6E15C7CA
:10A710002DF516C72EF5780E2418D8B492EFD3F085
:10A7200094EFD3F099EFD3F02B6A410E2A6E9CEF91
:10A73000D3F02B6A610E2A6E2AC529F5316A1F0EE5
:10A74000306E0801866BE1EFD3F03006D8A03106F9
:10A7500020500F0B2F6E0A0E2F60B1EFD3F0B3EF26
:10A76000D3F0B7EFD3F0300E2F26BAEFD3F0295045
:10A77000F60F2F26670E3024D96E080E3120DA6EC0
:10A780002FC5DFF42C6A2D06D8A02E0620C525F58E
:10A7900021C526F522C527F523C528F5050ED6EFD8
:10A7A000D3F0D8902832273226322532E82ED1EF46
:10A7B000D3F025C520F526C521F527C522F528C5E6
:10A7C00023F531BEEDEFD3F0315009E1020E305CDC
:10A7D000D8A0EDEFD3F0EFEFD3F016EFD4F0205088
:10A7E000211022102310D8A4F8EFD3F0FAEFD3F001
:10A7F000A5EFD3F02C50D8A400EFD4F002EFD4F0A2
:10A80000A5EFD3F02EBE0DEFD4F02E5008E12D04AD
:10A81000D8A00DEFD4F00FEFD4F016EFD4F05CB267
:10A8200014EFD4F016EFD4F0A5EFD3F01EC515F554
:10A830001FC516F5670E3024176E080E3120186EEE
:10A840002DC519F52EC51AF503ECEBF01200060123
:10A8500020EE14F04551D9264651DA22DEC42DF7F8
:10A86000DDC42EF720EE12F04551D9264651DA22EA
:10A87000DEC449F6DDC44AF6B9EFD4F045C63AF66F
:10A8800046C63BF66DECC5F006013A513B11D8B413
:10A890004CEFD4F04EEFD4F05CEFD4F020EE12F099
:10A8A0004551D9264651DA224951DE5E4A51DD5AD8
:10A8B00045694669C6EFD4F045C63AF646C63BF64A
:10A8C0005A0E3C6F170E3D6F3F6B000E3E6F4AEC09
:10A8D000CAF006013A513B11D8B471EFD4F073EFCE
:10A8E000D4F07FEFD4F020EE12F04551D926465136
:10A8F000DA224951DE5E4A51DD5A58EFD4F04C6BF2
:10A90000000E4B6F5A0E4B25D96E170E4C21DA6E86
:10A910005A0E4B25E16E190E4C21E26EDE50E61800
:10A92000D8B495EFD4F097EFD4F0A3EFD4F020EEA5
:10A9300012F04551D9264651DA224951DE5E4A517C
:10A94000DD5A58EFD4F04B4B4C2B020E4C194B11E7
:10A95000D8A4ADEFD4F0AFEFD4F082EFD4F0490734
:10A96000D8A04A07200E07012927000E2A232D4BC5
:10A970002E2B060149514A11D8A4C1EFD4F0C3EFE0
:10A98000D4F03EEFD4F0466B000E456F120000018C
:10A9900084838481886B8B6B85998683868105018E
:10A9A0006405D8A4D6EFD4F0D8EFD4F0DCEFD4F01F
:10A9B00000018495DEEFD4F0000184850501655126
:10A9C000D8A4E5EFD4F0E7EFD4F0EDEFD4F0000138
:10A9D000859F858D859BFCEFD4F0BD0E4C6EF70EE8
:10A9E0004D6EC00E4E6EFD0E4F6E65C550F5516A30
:10A9F0005FECF6F0FAEFD4F08C6B34EFD5F0020E8A
:10AA000000018C6F020E896F5FEFD5F00F0E000111
:10AA1000896F5FEFD5F0070E0001896F5FEFD5F00A
:10AA2000050E0001896F5FEFD5F0040E0001896FFC
:10AA30005FEFD5F0030E0001896F5FEFD5F0020ED6
:10AA40000001896F5FEFD5F0E80E4C6EF50E4D6E8C
:10AA5000C00E4E6EFD0E4F6E62C550F563C551F5CA
:10AA60005FECF6F05FEFD5F062C566F563C567F59C
:10AA700005016751000AD8B440EFD5F024EFD5F0B6
:10AA80006651000AD8B4FFEFD4F0010AD8B406EF3B
:10AA9000D5F0030AD8B40BEFD5F0010AD8B410EF03
:10AAA000D5F0070AD8B415EFD5F0010AD8B41AEFDB
:10AAB000D5F0030AD8B41FEFD5F024EFD5F012007B
:10AAC0000A680B6806C5D9F407C5DAF4DE6ADD6AE0
:10AAD000DEC40DF5DDC40EF5A5EFD5F004C5D9F43F
:10AAE00005C5DAF4DF500C6E044A052A06C5D9F410
:10AAF00007C5DAF4DE2A000EDD222F0E0C6483EF88
:10AB0000D5F085EFD5F0B1EFD5F0390E0C648BEFB1
:10AB1000D5F08DEFD5F08FEFD5F0B1EFD5F00A0E6F
:10AB20000D02F3C408F5F4C409F50E02F35009262A
:10AB30000C500826000E0922D00E08240D6EFF0EC0
:10AB400009200E6E0B6A000E0A6E04C5D9F405C505
:10AB5000DAF4DF50D8A4AFEFD5F0B1EFD5F06EEF57
:10AB6000D5F00A2806E10B28D8A4B9EFD5F0BBEF41
:10AB7000D5F0DCEFD5F00AC50DF50BC50EF50DC50A
:10AB800004F50EC505F5F8EFD5F004C5D9F405C5F3
:10AB9000DAF4DF50D8A4CFEFD5F0D1EFD5F0D3EF72
:10ABA000D5F0F4EFD5F0044A052A06C5D9F407C557
:10ABB000DAF4DE2A000EDD2204C5D9F405C5DAF484
:10ABC0002F0EDF64E6EFD5F0E8EFD5F0C5EFD5F056
:10ABD00004C5D9F405C5DAF43A0EDF60F2EFD5F01A
:10ABE000F4EFD5F0C5EFD5F00DC504F50EC505F5AC
:10ABF0001200010E0F241B6E000E10201C6E070E9B
:10AC00001E6EBC0E1D6E1DC509F51EC50AF58BEC2A
:10AC1000EDF009C517F50AC518F56D0E17241F6E5E
:10AC2000010E1820206E1B501F5C1C502058D8A00D
:10AC30001CEFD6F01EEFD6F020EFD6F028EFD6F0BE
:10AC40001F501B5E20501C5A1D4A1E2A03EFD6F0CF
:10AC5000D00E1D5C070E1E58D8A031EFD6F033EF92
:10AC6000D6F039EFD6F0D00E1D5E070E1E5A3DEF1E
:10AC7000D6F06C0E1D5E070E1E5A11C5D9F412C512
:10AC8000DAF41DC5DEF41EC5DDF41A6A000E196E75
:10AC9000D8901934F66E1A34F76EFD0EF626F30EC0
:10ACA000F722F86A000EF8220900F5C41FF50A0021
:10ACB000F5C420F519041A10D8A461EFD6F063EF9B
:10ACC000D6F067EFD6F017501F26185020221B50E1
:10ACD0001F5C1C502058D8A070EFD6F072EFD6F051
:10ACE00074EFD6F07CEFD6F01F501B5E20501C5A3C
:10ACF000194A1A2A48EFD6F0194A1A2A13C5D9F464
:10AD000014C5DAF419C5DEF41AC5DDF415C5D9F495
:10AD100016C5DAF41BC5DEF41CC5DDF41200AD0E59
:10AD20000601A26F060EA36FD70EA46FFF0EA56FCC
:10AD3000D3ECCBF00009D8B4A0EFD6F0A2EFD6F058
:10AD4000AEEFD6F08B0E4C6EFA0E4D6E5FECF6F059
:10AD50000601AA6B010EA96F1DEFD7F00601AC6BBF
:10AD6000000EAB6FAD0E2A6F060E2B6F000E2C6F10
:10AD7000000E2D6F99ECDEF0E1EFD6F0900E046E30
:10AD8000080E056EA9C606F5AAC607F585ECEFF014
:10AD900004500510D8A4CFEFD6F0D1EFD6F0E1EFF4
:10ADA000D6F00601AC6B010EAB6FB50E4C6EFE0E0D
:10ADB0004D6E900E4E6E080E4F6E5FECF6F0FDEF8E
:10ADC000D6F0AD0E06012A6F060E2B6F870E2C6F84
:10ADD000080E2D6F99ECDEF00009D8A4F2EFD6F042
:10ADE000F4EFD6F0FDEFD6F008019051D8A4FBEFB8
:10ADF000D6F0FDEFD6F0BEEFD6F0AD0E05016C6FCC
:10AE0000060E6D6F49ECF5F00601AB51AC11D8A4FC
:10AE10000CEFD7F00EEFD7F01AEFD7F06F0E4C6EA5
:10AE2000FB0E4D6EA9C64EF5AAC64FF55FECF6F0C7
:10AE3000A8EFD6F0AA6B000EA96F120007014651C9
:10AE4000040D360EF324D96E080EF420DA6EDEC43B
:10AE50003EF6DDC43FF64651040D360EF324D96E9E
:10AE6000080EF420DA6EDE50DE10D8A43AEFD7F0E8
:10AE70003CEFD7F041EFD7F0060138693969ABEF05
:10AE8000D7F04651040D340EF324D96E080EF42089
:10AE9000DA6EDEC4F4F5DDC4F5F547510501F66F51
:10AEA000F76BF451F603F3C4F8F5F4C4F9F5F703BE
:10AEB000F350F927F551F603F350F92707014851EC
:10AEC0000501F827070149510501F923FF0EF8256F
:10AED000FA6FFF0EF921FB6FFAC53AF6FBC53BF698
:10AEE00006013C6B3D6B3EC60FF63FC610F63AC6F8
:10AEF000F4F53BC6F5F53CC6F6F53DC6F7F5070E8D
:10AF0000D8900501F437F537F637F737E82E80EF9C
:10AF1000D7F0F4C511F6F5C512F6F6C513F6F7C568
:10AF200014F640EC8AF00601406F4051D8B49BEF14
:10AF3000D7F09DEFD7F0A8EFD7F0880E4C6EFC0E3F
:10AF40004D6E40C64EF54F6A5FECF6F03CEFD7F021
:10AF5000396B000E386F12000806D8A009060828C1
:10AF600006E10928D8A4B7EFD7F0B9EFD7F0C5EFBD
:10AF7000D7F0056A000E046E38EFD8F0044A052AAF
:10AF8000064A072A0806D8A0090604C5F6F405C52E
:10AF9000F7F4000EF86E3F0EF76403D00800F5508A
:10AFA00005D0F6C4E9F4F7C4EAF4EF500009D8B4C8
:10AFB000DCEFD7F0DEEFD7F019EFD8F006C5F6F4E6
:10AFC00007C5F7F4000EF86E0800F5500009D8B474
:10AFD000ECEFD7F0EEEFD7F019EFD8F008500910EA
:10AFE000D8B4F5EFD7F0F7EFD7F019EFD8F006C5E2
:10AFF000F6F407C5F7F4000EF86E0800F5C40AF57C
:10B0000004C5F6F405C5F7F4000EF86E3F0EF764BC
:10B0100003D00800F55005D0F6C4E9F4F7C4EAF40B
:10B02000EF500A18D8B417EFD8F019EFD8F0BEEFE8
:10B03000D7F004C5F6F405C5F7F4000EF86E3F0E20
:10B04000F76403D00800F55005D0F6C4E9F4F7C45E
:10B05000EAF4EF500A6E06C5F6F407C5F7F4000EE1
:10B06000F86E0800F5500A5C046E056AD8A0050663
:10B0700012000501686B000E676F41ECF4F004509C
:10B080000501696F080E6919D8A449EFD8F04BEF94
:10B09000D8F06AEFD8F068BF56EFD8F0685108E1F1
:10B0A0006705D8A056EFD8F058EFD8F03DEFD8F0AC
:10B0B000080E85ECF7F0200E85ECF7F0080E85EC15
:10B0C000F7F005016707D8A068076007D8A06107F7
:10B0D0003DEFD8F00D0E6919D8B471EFD8F073EFC9
:10B0E000D8F07CEFD8F00A0E6919D8A47AEFD8F01E
:10B0F0007CEFD8F08DEFD8F060C5D9F461C5DAF4F3
:10B10000DF6A6C0E4C6EFB0E4D6E5FECF6F067C5A1
:10B1100060F568C561F5C4EFD8F0FF0E6225646F75
:10B12000FF0E6321656F6751645D6551800A666F2C
:10B130006851800A6659D8A0A0EFD8F0A2EFD8F0E5
:10B140003DEFD8F0695185ECF7F0600E05016965B7
:10B15000ACEFD8F0AEEFD8F0B8EFD8F07B0E696165
:10B16000B4EFD8F0B6EFD8F0B8EFD8F0200E695FA2
:10B1700060C5D9F461C5DAF469C5DFF4604B612BB1
:10B18000674B682B3DEFD8F012004CC704F54DC754
:10B1900005F54AC706F54BC707F5B9ECF5F004C548
:10B1A00021F505C522F506C523F507C524F50701D8
:10B1B00037513811D8B4DFEFD8F0E1EFD8F039EFDC
:10B1C000D9F021C50CF522C50DF523C50EF524C512
:10B1D0000FF5550E106E070E116E136A060E126EE5
:10B1E000C4ECE2F055C70FF556C710F5250E116EE9
:10B1F000050E126E270E136E050E146E290E156EB7
:10B20000050E166EF9ECD5F007015A51BFECECF0C3
:10B2100007014E6F5751BFECECF007014F6F5851CB
:10B22000BFECECF00701506F2950BFECECF00701C8
:10B23000526F2750BFECECF00701536F2550BFEC65
:10B24000ECF00701546F000E046E070E056E4E0EF3
:10B25000066E070E076ED00E4FECEBF0FF0AD8A477
:10B2600034EFD9F036EFD9F04CEFD9F0010E4DEFB5
:10B27000D9F0A19E21C50CF522C50DF523C50EF50B
:10B2800024C50FF5550E106E070E116E136A060ECB
:10B29000126EC4ECE2F0A18E000E120020EE10F04F
:10B2A0002350D9262450DA22DEC404F5DDC405F586
:10B2B00020EE0EF02350D9262450DA22DEC406F503
:10B2C000DDC407F5B9ECF5F004C525F505C526F58F
:10B2D00006C527F507C528F5B5EFD9F023C504F550
:10B2E00024C505F56FECF7F0D2EFD9F0A19E25C586
:10B2F0000CF526C50DF527C50EF528C50FF5550E1D
:10B30000106E070E116E136A060E126E91ECE1F0CC
:10B31000A18E23C504F524C505F564ECF7F0D2EF42
:10B32000D9F023C504F524C505F57AECF7F0D2EF82
:10B33000D9F0A19E25C50CF526C50DF527C50EF53E
:10B3400028C50FF5550E106E070E116E136A060E06
:10B35000126EC4ECE2F088EFD9F023C504F524C5E1
:10B3600005F564ECF7F0D2EFD9F020EE02F02350AF
:10B37000D9262450DA22DF50030AD8B46EEFD9F070
:10B38000070AD8B476EFD9F0010AD8B491EFD9F012
:10B390000D0AD8B499EFD9F0010AD8B499EFD9F0D1
:10B3A000ADEFD9F012000D6A0BBEDBEFD9F0D9EF8B
:10B3B000D9F0E5EFD9F00B1E0A1E091E086C000E2D
:10B3C00009220A220B22010E0D6E07BEECEFD9F006
:10B3D000EAEFD9F0F6EFD9F0071E061E051E046C41
:10B3E000000E052206220722010E0D1A000E0E6E17
:10B3F000000E0F6E000E106E000E116E0850091038
:10B400000A100B10D8B407EFDAF009EFDAF03FEFCB
:10B41000DAF0010E0C6E13EFDAF0D8900836093628
:10B420000A360B360C2A0BAE18EFDAF01AEFDAF008
:10B430000DEFDAF0D8900E360F3610361136085070
:10B44000045C095005580A5006580B500758D8A0FC
:10B450002CEFDAF02EEFDAF037EFDAF00850045E76
:10B460000950055A0A50065A0B50075A0E80D890B8
:10B470000B320A32093208320C2E1AEFDAF00D5074
:10B48000D8B445EFDAF047EFDAF04FEFDAF0111EFB
:10B49000101E0F1E0E6C000E0F22102211220EC560
:10B4A00004F50FC505F510C506F511C507F5120021
:10B4B0005A0E0601386F1B0E396F436B000E426F38
:10B4C000D8904235D96E4335DA6E540ED926080E1F
:10B4D000DA22DEC43EF6DDC43FF63E513F11D8A469
:10B4E00074EFDAF076EFDAF078EFDAF0CAEFDAF04C
:10B4F0003EC60FF63FC610F6000E116F000E126F1B
:10B50000000E136F000E146F40EC8AF03EC6DFF59C
:10B510003FC6E0F538C6E1F539C6E2F50501E46B52
:10B520001C0EE36F3C0EE56F060EE66F4AEC8EF0E4
:10B530001A0E06014203F3C4F4F5F4C4F5F543030F
:10B54000F3500501F527800EF42506013A6F090E28
:10B550000501F52106013B6F416B000E406F5A0E4D
:10B560004025D96E1B0E4121DA6E3AC6E1F43BC686
:10B57000E2F4DFC4E7F43A4B3B2B404B412B415103
:10B5800009E11A0E405DD8A0C8EFDAF0CAEFDAF090
:10B59000AFEFDAF0424B432B43BFD8EFDAF0435121
:10B5A00009E1040E425DD8A0D8EFDAF0DAEFDAF064
:10B5B00060EFDAF01200090E05016B6F6151621144
:10B5C000D8B4E5EFDAF0E7EFDAF03BEFDBF061C596
:10B5D000D9F462C5DAF4DE50DE10D8B4F2EFDAF056
:10B5E000F4EFDAF03BEFDBF061C5D9F462C5DAF4D1
:10B5F000DEC465F5DDC466F565C5D9F466C5DAF463
:10B60000DF50D8B406EFDBF008EFDBF03BEFDBF008
:10B6100061C5D9F462C5DAF410EE06F0DE50E12619
:10B62000DD50E22220EE02F06151D9266251DA2289
:10B63000E650DE1807E1E650DE18D8A422EFDBF072
:10B6400024EFDBF03BEFDBF061C5D9F462C5DAF43F
:10B6500010EE01F0DE50E126DD50E222E750ADECC5
:10B66000F4F00501656F65B138EFDBF03AEFDBF020
:10B670003BEFDBF06B6B6B51D8B441EFDBF043EF8A
:10B68000DBF049EFDBF0000E696F000E6A6F51EFDF
:10B69000DBF061C5D9F462C5DAF4DEC469F5DDC456
:10B6A0006AF563C5D9F464C5DAF469C5DEF46AC520
:10B6B000DDF46B511200A4C6A8F6A5C6A9F6A80E23
:10B6C000046E060E056E7DECC9F004C5ACF605C52A
:10B6D000ADF60601ADBF71EFDBF06FEFDBF074EF9D
:10B6E000DBF00B0ED8EFDBF0D890AC35D96EAD3572
:10B6F000DA6E1D0ED926070EDA22DEC4AAF6DDC4E4
:10B70000ABF6AA51AB11D8B488EFDBF08AEFDBF0CF
:10B710009AEFDBF0D890AC35D96EAD35DA6E1D0EF0
:10B72000D926070EDA22DE6ADD6AAAC6D9F4ABC6CC
:10B73000DAF4DF6AA251A311D8B4A1EFDBF0A3EFD2
:10B74000DBF0BDEFDBF020EE01F0A251D926A351D2
:10B75000DA22ACC6DFF4A2C6D9F4A3C6DAF4DF6AF3
:10B76000D890AC35D96EAD35DA6E1D0ED926070EE0
:10B77000DA22A2C6DEF4A3C6DDF4A651D8A4C3EF34
:10B78000DBF0C5EFDBF0C8EFDBF0000ED8EFDBF04D
:10B79000A40E0501F16F060EF26FA20EF36F060EF6
:10B7A000F46F000EF56F00EC80F00601A76FA75153
:10B7B0001200070161516211D8A4E1EFDBF0E3EF61
:10B7C000DBF0EBEFDBF069C75BF76AC75CF76BC7D1
:10B7D0005DF76CC75EF76FC704F570C705F56DC7F9
:10B7E00006F56EC707F5B9ECF5F004C5FAF605C520
:10B7F000FBF606C5FCF607C5FDF66A0E0601F26FFC
:10B80000FE0EF36FFAC6F4F6FBC6F5F6FCC6F6F6C6
:10B81000FDC6F7F60FECCBF0F2C6FEF6F3C6FFF668
:10B820000601FE51FF11D8A418EFDCF01AEFDCF08E
:10B8300051EFDCF0F8C6F2F6F9C6F3F66BC704F583
:10B840006CC705F569C706F56AC707F5B9ECF5F0E9
:10B8500004C5F4F605C5F5F606C5F6F607C5F7F610
:10B860000FECCBF0F2C6FEF6F3C6FFF60601FE5172
:10B87000FF11D8A43EEFDCF040EFDCF051EFDCF03C
:10B88000FAC60CF5FBC60DF5FCC60EF5FDC60FF5A8
:10B890005B0E106E070E116E136A040E126E91ECA1
:10B8A000E1F0FEC6F8F6FFC6F9F612000601186BC5
:10B8B000000E176FF3C519F6F4C51AF60501F50762
:10B8C000D8A0F6079EEFDCF0F7C5DFF5F8C5E0F588
:10B8D000210EE16F060EE26FE46B010EE36F1F0EA7
:10B8E000E56F060EE66F4AEC8EF006011F0520118B
:10B8F000D8B47DEFDCF07FEFDCF081EFDCF0B0EF6F
:10B90000DCF021511B6F1C6B1D6B1E6B19C6D9F42B
:10B910001AC6DAF41BC6DFF4194B1A2B174B182B77
:10B920000A0E1B191C111D111E11D8A49AEFDCF070
:10B930009CEFDCF09EEFDCF0B0EFDCF00501F551A0
:10B940000601175D1851800A0501F96FF651800A4A
:10B95000F959D8A0AEEFDCF0B0EFDCF064EFDCF02A
:10B9600019C6D9F41AC6DAF4DF6A0601175118119C
:10B97000D8A4BDEFDCF0BFEFDCF0C6EFDCF0000ECA
:10B980000501F36F000EF46FCAEFDCF0F3C5F3F5B9
:10B99000F4C5F4F512000D6A07BED3EFDCF0D1EF69
:10B9A000DCF0DDEFDCF0071E061E051E046C000E49
:10B9B000052206220722010E0D6E0BBEE4EFDCF01D
:10B9C000E2EFDCF0ECEFDCF00B1E0A1E091E086C47
:10B9D000000E09220A220B22085009100A100B102F
:10B9E000D8B4F5EFDCF0F7EFDCF027EFDDF0010E77
:10B9F0000C6E01EFDDF0D890083609360A360B36AA
:10BA00000C2A0BAE06EFDDF008EFDDF0FBEFDCF00B
:10BA10000850045C095005580A5006580B50075846
:10BA2000D8A015EFDDF017EFDDF01FEFDDF00850C7
:10BA3000045E0950055A0A50065A0B50075AD8900E
:10BA40000B320A32093208320C2E08EFDDF00D50AD
:10BA5000D8B42DEFDDF02FEFDDF037EFDDF0071E6E
:10BA6000061E051E046C000E05220622072204C5D0
:10BA700004F505C505F506C506F507C507F5120069
:10BA8000CDECEDF004010B910B930B95010E02012F
:10BA9000D56FA00ED46FD189D18BC68E070E766F6D
:10BAA000BE8CC69C260E076FD28F890E03011A6FBB
:10BAB000A10E1B6F0001B38B03011969186B100EE7
:10BAC0000201656F020E666F1F0E676F1E0E686FB4
:10BAD0001D0E636F1C0E646F150E616F170E626F83
:10BAE000030E0001D56FD86B7F0ED96F7F0EDA6F12
:10BAF0007F0EDB6F010EDC6FDD6BDE6BDF6B020E2A
:10BB0000D76F940ED66FDCECF7F00001D56B060E04
:10BB1000D86F070ED96F020EDA6F030EDB6F020EBD
:10BB2000DC6F080EDD6F200EDE6F800EDF6FD76BCF
:10BB3000820ED66F020ED56F040ED86F050ED96F28
:10BB4000350EDA6F330EDB6F010EDC6F480EDD6FE2
:10BB5000DE6B200EDF6F020ED76F850ED66FDCEC2A
:10BB6000F7F01CECF4F012000FC504F510C505F554
:10BB7000170E066E050E076E60ECD5F004C519F5BC
:10BB800005C51AF5192806E11A28D8A4CAEFDDF070
:10BB9000CCEFDDF0D0EFDDF00F68106827EFDEF0BE
:10BBA00011C5D9F412C5DAF419C5DEF41AC5DDF4ED
:10BBB00017500F26185010220FC504F510C505F5B3
:10BBC000170E066E050E076E60ECD5F004C519F56C
:10BBD00005C51AF5192806E11A28D8A4F2EFDDF0F8
:10BBE000F4EFDDF0F6EFDDF0CCEFDDF013C5D9F4C6
:10BBF00014C5DAF419C5DEF41AC5DDF417500F26A2
:10BC0000185010220FC504F510C505F5170E066E65
:10BC1000050E076E60ECD5F004C519F505C51AF5DB
:10BC2000192806E11A28D8A418EFDEF01AEFDEF082
:10BC30001CEFDEF0CCEFDDF015C5D9F416C5DAF453
:10BC400019C5DEF41AC5DDF4106A000E0F6E12007D
:10BC5000696A020E616E686A70EFDEF0646A070E50
:10BC6000636E6C6A030E6B6E6E6A050E6D6E92EFFC
:10BC7000DEF0646A060E636E6C6A030E6B6E6E6AAB
:10BC8000040E6D6E92EFDEF0646A050E636E6C6AF0
:10BC9000030E6B6E6E6A030E6D6E92EFDEF0646AD9
:10BCA000040E636E6C6A030E6B6E6E6A020E6D6E2E
:10BCB00092EFDEF0646A030E636E6C6A020E6B6EC6
:10BCC0006E6A020E6D6E92EFDEF0646A0C0E636EA9
:10BCD0006C6A050E6B6E6E6A080E6D6E92EFDEF08A
:10BCE00004C506F505C507F50750000AD8B47BEF73
:10BCF000DEF065EFDEF00650080AD8B42EEFDEF075
:10BD0000010AD8B439EFDEF0030AD8B444EFDEF00C
:10BD1000060AD8B44FEFDEF01C0AD8B45AEFDEF0B2
:10BD200065EFDEF06A6A840E696E180E0201186F04
:10BD300012002AC661F52BC662F52E0E0501636F4F
:10BD4000060E646FDBECDAF00601306F3051D8A4D8
:10BD5000ACEFDEF0AEEFDEF007EFDFF02C512D118F
:10BD6000D8A4B5EFDEF0B7EFDEF0CAEFDEF02AC6FA
:10BD7000DFF52BC6E0F5000E0501E16F000EE26F66
:10BD8000000EE36F000EE46FC9ECA8F00601306FFF
:10BD900007EFDFF02AC61DF62BC61EF6206B000E3D
:10BDA0001F6F41ECC6F00601306F040E3019D8A4A5
:10BDB000DCEFDEF0DEEFDEF0DFEFDEF0306B305197
:10BDC000D8A4E5EFDEF0E7EFDEF007EFDFF02AC6FC
:10BDD00011F52BC612F52CC613F52DC614F504EC7F
:10BDE000C0F02AC60FF62BC610F60601126B000E25
:10BDF000116F7FECA2F00601306F040E3019D8A449
:10BE000004EFDFF006EFDFF007EFDFF0306B3051CB
:10BE100012000D500E10D8B410EFDFF012EFDFF06B
:10BE200073EFDFF00DC504F50EC505F50AECF3F070
:10BE300004C50FF505C510F551EFDFF00BC504F58E
:10BE40000CC505F50DC506F50EC507F50FC508F5BA
:10BE500010C509F5ACECD7F004500510D8A433EFA9
:10BE6000DFF035EFDFF03BEFDFF00BC50BF50CC576
:10BE70000CF577EFDFF0010E0B24046E000E0C20A2
:10BE8000056E0DC5F6F40EC5F7F4000EF86E080049
:10BE9000F550066E076A48ECEDF004C50BF505C5D4
:10BEA0000CF50B500C10D8B458EFDFF05AEFDFF060
:10BEB00073EFDFF00BC5F6F40CC5F7F4000EF86E67
:10BEC0003F0EF76403D00800F55005D0F6C4E9F43E
:10BED000F7C4EAF4EF500009D8A471EFDFF073EF74
:10BEE000DFF01EEFDFF0000E0B6E000E0C6E120086
:10BEF000066E190EF66EF40EF76E000EF86E09005F
:10BF0000F550065CD8A087EFDFF089EFDFF0E2EFB5
:10BF1000DFF01A0EF66EF40EF76E000EF86E065095
:10BF20000900F55CD8A097EFDFF099EFDFF09EEF06
:10BF3000DFF0056A010E046EE5EFDFF01B0EF66E12
:10BF4000F40EF76E000EF86E0900F550065CD8A0EE
:10BF5000ACEFDFF0AEEFDFF0C0EFDFF01C0EF66EFF
:10BF6000F40EF76E000EF86E06500900F55CD8A0CE
:10BF7000BCEFDFF0BEEFDFF0C0EFDFF099EFDFF0F6
:10BF80001D0EF66EF40EF76E000EF86E0900F550F9
:10BF9000065CD8A0CEEFDFF0D0EFDFF0E2EFDFF00D
:10BFA0001E0EF66EF40EF76E000EF86E06500900C7
:10BFB000F55CD8A0DEEFDFF0E0EFDFF0E2EFDFF0DE
:10BFC00099EFDFF0056A000E046E120029C6D9F45D
:10BFD0002AC6DAF4DEC42BF6DDC42CF629C61DF61B
:10BFE0002AC61EF60601206B010E1F6FE1ECD2F08F
:10BFF00006012D6F2D51D8A400EFE0F002EFE0F024
:10C0000051EFE0F02BC6BAF52CC6BBF520EE16F0CA
:10C010002951D9262A51DA22DEC4BCF5DEC4BDF589
:10C02000DEC4BEF5DEC4BFF5F3ECE3F006012D6F10
:10C030002D51D8A41EEFE0F020EFE0F051EFE0F03A
:10C0400020EE1AF02951D9262A51DA22DEC404F54D
:10C05000DDC405F5076A000E066E096A200E086E3B
:10C0600065ECF5F0060120EE1AF02951D9262A5187
:10C07000DA22DEC404F5DDC405F51C0E2925066EA2
:10C08000000E2A21076E096A0B0E086E32ECF3F0DF
:10C09000060120EE04F02B51D9262C51DA22010E94
:10C0A000DF6E2D51120015C50FF516C510F55FECAA
:10C0B000F2F00FC51FF510C520F5020E1718181065
:10C0C000D8A465EFE0F067EFE0F074EFE0F01D0E4C
:10C0D00019181A10D8A46FEFE0F071EFE0F074EFC8
:10C0E000E0F01F06D8A0200617C504F518C505F511
:10C0F00019C506F51AC507F5FBECEFF004C521F5E7
:10C1000005C522F5225007E13C0E215CD8B08BEF2B
:10C11000E0F08DEFE0F09FEFE0F015C509F516C5F2
:10C120000AF58BECEDF009500A10D8B49AEFE0F064
:10C130009CEFE0F09FEFE0F01F06D8A020066D0E08
:10C140001B6E010E1C6E1B501502F3C41DF5F4C4CA
:10C150001EF51602F3501E261C501502F3501E2623
:10C160001F501D2620501E2221501D2622501E2207
:10C17000F30E1D24156EF80E1E20166E1200096EA9
:10C180000868CFECF7F002019699948D0950FE0BE8
:10C190008F6F010E8C6F04C58BF2948B9DECF5F0C4
:10C1A0000009D8A4D6EFE0F0D8EFE0F01FEFE1F0FF
:10C1B000020199ABDEEFE0F0E0EFE0F0D8EFE0F065
:10C1C0009DECF5F00009D8A4E8EFE0F0EAEFE0F02C
:10C1D0001FEFE1F0020194A7F0EFE0F0F2EFE0F0E2
:10C1E000EAEFE0F0095001098F6F05C58CF2949DCC
:10C1F0009A9F948B9DECF5F00009D8A402EFE1F032
:10C2000004EFE1F01FEFE1F0086A17EFE1F099A108
:10C210000CEFE1F00EEFE1F017EFE1F006C5D9F415
:10C2200007C5DAF48AC2DFF4064A072A082A02019F
:10C230009AAF1DEFE1F01FEFE1F007EFE1F002012F
:10C2400098BB25EFE1F027EFE1F01FEFE1F0085098
:10C2500012000BC7BFF40CC7C1F407010DB133EFD7
:10C26000E1F036EFE1F0BE8037EFE1F0BE900DC7B0
:10C2700007F5D89007320730D8B041EFE1F044EF2E
:10C28000E1F0BE8245EFE1F0BE920DC707F5D89010
:10C290000732D89007320730D8B051EFE1F054EFB1
:10C2A000E1F0BE8455EFE1F0BE940DC707F5D890DC
:10C2B0000732D8900732D89007320730D8B063EFF2
:10C2C000E1F066EFE1F0BE8667EFE1F0BE9606B002
:10C2D0006CEFE1F06FEFE1F0BE8870EFE1F0BE9837
:10C2E000C080C0900650D8B478EFE1F07AEFE1F06A
:10C2F00086EFE1F0C768C09404C5D9F405C5DAF447
:10C30000CFC4DFF4C084C76A90EFE1F0C968C0947D
:10C3100004C5D9F405C5DAF4D1C4DFF4C084C96A10
:10C3200012000CC50BF70DC50CF70EC50DF70FC5A8
:10C330000EF7EEEFE1F012041310D8A4A2EFE1F033
:10C34000A4EFE1F0BAEFE1F007010BA1AAEFE1F0F1
:10C35000ADEFE1F0010EAEEFE1F0000E146E14C58A
:10C3600004F510C5D9F411C5DAF4DF5036ECE6F067
:10C37000F7EFE1F007010BA1C0EFE1F0C2EFE1F050
:10C38000D9EFE1F0000E046E10C5D9F411C5DAF44E
:10C39000DF5036ECE6F0104A112A010E07010B2798
:10C3A000000E0C230D230E231206D8A01306EEEF69
:10C3B000E1F010C504F511C505F591ECE8F0020EA9
:10C3C0001026000E1122020E07010B27000E0C236F
:10C3D0000D230E23020E125E000E135A125013107C
:10C3E000D8A4F5EFE1F0F7EFE1F09BEFE1F01200F8
:10C3F00004C50CF505C50DF506C50EF507C50FF509
:10C4000009EFE2F00806D8A009060C4A0D2A0E4AE8
:10C410000F2A08500910D8B410EFE2F012EFE2F042
:10C4200031EFE2F00CC5D9F40DC5DAF4DF500A6E35
:10C430000EC5F6F40FC5F7F4000EF86E3F0EF76464
:10C4400003D00800F55005D0F6C4E9F4F7C4EAF4C7
:10C45000EF500A18D8B42FEFE2F031EFE2F002EF1C
:10C46000E2F008500910D8A438EFE2F03AEFE2F019
:10C470003FEFE2F0056A000E046E5DEFE2F00CC5DE
:10C48000D9F40DC5DAF4DF500A6E0EC5F6F40FC507
:10C49000F7F4000EF86E3F0EF76403D00800F55075
:10C4A00005D0F6C4E9F4F7C4EAF4EF500B6E0B5074
:10C4B0000A5C046E056AD8A005061200020E125E20
:10C4C000000E135A145A155A20EE14F01050D926A3
:10C4D0001150DA22FE0EDE24166EFF0EDE20176EDD
:10C4E000FF0EDE20186EFF0EDE20196E1650125C55
:10C4F000175013581850145819501558D8A083EFD6
:10C50000E2F085EFE2F08FEFE2F0000E106E000E29
:10C51000116E000E126E000E136EC3EFE2F020EEED
:10C5200028F01050D9261150DA22DEC416F5DEC4E8
:10C5300017F5DEC418F5DEC419F520EE0AF0105028
:10C54000D9261150DA22DEC41AF5DDC41BF51AC54E
:10C5500004F51BC505F5066A076A12C508F513C57B
:10C5600009F514C50AF515C50BF5A5ECF0F0165044
:10C570000424106E17500520116E18500620126EFC
:10C5800019500720136E12000CC50BF70DC50CF7E0
:10C590000EC50DF70FC50EF71FEFE3F012041310D1
:10C5A000D8A4D5EFE2F0D7EFE2F0ECEFE2F007012C
:10C5B0000BA1DDEFE2F0E0EFE2F0010EE1EFE2F0DF
:10C5C000000E146E10C504F511C505F514C506F569
:10C5D00029ECE1F028EFE3F007010BA1F2EFE2F024
:10C5E000F4EFE2F00AEFE3F010C504F511C505F52C
:10C5F000000E066E29ECE1F0104A112A010E070127
:10C600000B27000E0C230D230E231206D8A01306B1
:10C610001FEFE3F010C504F511C505F541ECE7F097
:10C62000020E1026000E1122020E07010B27000E2B
:10C630000C230D230E23020E125E000E135A12500D
:10C640001310D8A426EFE3F028EFE3F0CEEFE2F0EA
:10C6500012000C6A000E0B6E04C5D9F405C5DAF49D
:10C66000DEC4F6F4DDC4F7F4000EF86E0800F550F1
:10C670002A0AD8A43EEFE3F040EFE3F073EFE3F0D3
:10C6800004C5D9F405C5DAF4DE2A000EDD2206C59C
:10C69000D9F407C5DAF4DFC408F5020EDE26DFC4DC
:10C6A00009F5000EDD2208C5D9F409C5DAF4DEC4A7
:10C6B0000BF5DDC40CF589EFE3F00A0E0B02F3C4B1
:10C6C00008F5F4C409F50C02F35009260A500824B1
:10C6D0000B6E000E09200C6E04C5D9F405C5DAF402
:10C6E000DE2A000EDD2204C5D9F405C5DAF4DEC465
:10C6F000F6F4DDC4F7F4000EF86E0800F550D00F24
:10C700000A6E090E0A6487EFE3F089EFE3F05DEF4C
:10C71000E3F00BC504F50CC505F512000750081031
:10C72000D8B495EFE3F097EFE3F0A0EFE3F0075014
:10C730000810D8A49EEFE3F0A0EFE3F0A5EFE3F03C
:10C74000055085ECF7F0F2EFE3F020EE09F007502A
:10C75000D9260850DA22DE50DE10D8B4B2EFE3F06A
:10C76000B4EFE3F0CFEFE3F020EE09F00750D92665
:10C770000850DA2210EE02F00750E1260850E222BB
:10C78000DE50E65CE650800A0D6EDE50800A0D58E1
:10C79000D8B0CDEFE3F0CFEFE3F0F2EFE3F020EE2F
:10C7A00002F00750D9260850DA22DEC409F5DDC4AC
:10C7B0000AF507C5D9F408C5DAF4DEC40BF5DDC403
:10C7C0000CF509500B24D96E0A500C20DA6E05C501
:10C7D000DFF420EE02F00750D9260850DA22DE2AD4
:10C7E000000EDD2212000501C46B20EE2CF0BA51C0
:10C7F000D926BB51DA22BC51DE180FE1BD51DE183B
:10C800000CE1BE51DE1809E1BF51DE18D8B40BEFC0
:10C81000E4F00DEFE4F055EFE4F0BAC5A7F5BBC5C1
:10C82000A8F5E1ECC7F00501C46FC451D8A41BEF13
:10C83000E4F01DEFE4F055EFE4F0300EBA259E6F02
:10C84000000EBB219F6FBCC5A0F5BDC5A1F5BEC53F
:10C85000A2F5BFC5A3F5A56B010EA46F20EE01F0F4
:10C86000BA51D926BB51DA22DF50E5ECEBF00009D2
:10C87000D8B43DEFE4F03FEFE4F046EFE4F005011B
:10C88000BC69BD69BE69BF69010EC46F050120EEB8
:10C890002CF0BA51D926BB51DA22BCC5DEF4BDC595
:10C8A000DEF4BEC5DEF4BFC5DEF4C45112000501DE
:10C8B000616B000E606F07015F516011D8B463EFC8
:10C8C000E4F065EFE4F0A0EFE4F0090E71197211E5
:10C8D000D8B46DEFE4F06FEFE4F07DEFE4F00A0E12
:10C8E00071197211D8B477EFE4F079EFE4F07DEFCD
:10C8F000E4F00501616B010E606F0501605161118B
:10C90000D8A485EFE4F087EFE4F0A0EFE4F00C0E9C
:10C91000070171197211D8B490EFE4F092EFE4F0CE
:10C920009CEFE4F0100E71197211D8A49AEFE4F0A4
:10C930009CEFE4F0A0EFE4F00501616B010E606F85
:10C94000050160516111D8B4A8EFE4F0AAEFE4F05A
:10C95000B8EFE4F01F0E4C6EF40E4D6E2C0E4E6EC2
:10C96000FF0E4F6E5FECF6F00701606B000E5F6F1D
:10C970001200070115511611D8A4C1EFE4F0C3EF5E
:10C98000E4F0C9EFE4F015C714F516C715F5CFEFBD
:10C99000E4F0FF0E1525146EFF0E1621156E5CA037
:10C9A000D4EFE4F0D6EFE4F0DFEFE4F010C505F5E6
:10C9B000066A0EC507F50FC508F58EECE3F015BE47
:10C9C000E4EFE4F0E6EFE4F0E8EFE4F0EBEFE4F0BE
:10C9D000156A000E146E136A000E126EFBEFE4F07F
:10C9E000066A200E056E0EC507F50FC508F58EEC1C
:10C9F000E3F0124A132A1450125C1350800A116E8D
:10CA00001550800A1158D8A008EFE5F00AEFE5F0BC
:10CA1000F0EFE4F05CB00FEFE5F011EFE5F01AEFA6
:10CA2000E5F010C505F5066A0EC507F50FC508F552
:10CA30008EECE3F0120006C50FF507C510F508509F
:10CA40000F240D6E095010200E6E6DEFE5F00450AE
:10CA500005C50AF50B6E0A50046E0BC505F50FC52A
:10CA6000D9F410C5DAF4DF500A6E0A50041A0F4ADE
:10CA7000102A04C50AF505C50BF5040E0C6ED890F6
:10CA80000B320A320C2E3FEFE5F00F0E0A16000EA5
:10CA90000B160A50041A0B50051A04C50AF505C5F1
:10CAA0000BF50C0ED8900A360B36E82E52EFE5F057
:10CAB0000A50041A0B50051AFF0E04140A6E000ED9
:10CAC00005140B6E050ED8900A360B36E82E63EF70
:10CAD000E5F00A50041A0B50051A0D500F5C0E5069
:10CAE0001058D8A076EFE5F078EFE5F027EFE5F005
:10CAF00004C504F505C505F5120007013B51020DFB
:10CB0000540EF324D96E080EF420DA6EDEC4F8F564
:10CB1000DDC4F9F53B51020D540EF324D96E080E15
:10CB2000F420DA6EDE50DE10D8A499EFE5F09BEF2A
:10CB3000E5F0A0EFE5F0060138693969D9EFE5F0D5
:10CB4000F8C50FF6F9C510F62D510501F46F070170
:10CB50002E510501F56FF66BF76B090ED890F4377F
:10CB6000F537F637F737E82EAEEFE5F0F4C511F6F6
:10CB7000F5C512F6F6C513F6F7C514F640EC8AF0C3
:10CB80000501FA6FFA51D8B4C8EFE5F0CAEFE5F045
:10CB9000D5EFE5F0880E4C6EFC0E4D6EFAC54EF5E5
:10CBA0004F6A5FECF6F09BEFE5F00601396B000E83
:10CBB000386F120020EE03F00450D9260550DA2217
:10CBC000DF50086E08500D6E0E6A0F6A106A20EE74
:10CBD00002F00450D9260550DA22DF50086E0850C2
:10CBE0000DC50AF50EC50BF50FC50CF5096A091040
:10CBF0000D6E0A500E6E0B500F6E0C50106E20EE24
:10CC000001F00450D9260550DA22DF50086E085092
:10CC10000DC50AF50EC50BF50FC50CF5096A09100F
:10CC20000D6E0A500E6E0B500F6E0C50106E04C538
:10CC3000D9F405C5DAF4DF50086E08500DC50AF5C1
:10CC40000EC50BF50FC50CF5096A09100D6E0A50DB
:10CC50000E6E0B500F6E0C50106E0DC504F50EC508
:10CC600005F50FC506F510C507F51200066E0BC7D2
:10CC7000BFF40CC7C1F407010DB141EFE6F044EF7A
:10CC8000E6F0BE8045EFE6F0BE900DC705F5D89002
:10CC900005320530D8B04FEFE6F052EFE6F0BE8235
:10CCA00053EFE6F0BE920DC705F5D8900532D89047
:10CCB00005320530D8B05FEFE6F062EFE6F0BE84F3
:10CCC00063EFE6F0BE940DC705F5D8900532D89015
:10CCD0000532D89005320530D8B071EFE6F074EF28
:10CCE000E6F0BE8675EFE6F0BE9604B07AEFE6F0A9
:10CCF0007DEFE6F0BE887EEFE6F0BE98C080C09083
:10CD0000C0920450D8B487EFE6F089EFE6F08DEFDB
:10CD1000E6F006C5BFF48FEFE6F006C5C1F4C082A9
:10CD20001200060120EE14F04551D9264651DA22B0
:10CD3000DEC42DF7DDC42EF720EE12F04551D926C2
:10CD40004651DA22DEC4FEF5DDC4FFF5DBEFE6F086
:10CD500045C63AF646C63BF65A0E06013C6F190E1A
:10CD60003D6F3F6B010E3E6F4AECCAF006013A512F
:10CD70003B11D8B4BEEFE6F0C0EFE6F0D0EFE6F03E
:10CD800020EE12F04551D9264651DA220501FE5116
:10CD9000DE5EFF51DD5A060145694669E9EFE6F0BE
:10CDA0000501FE07D8A0FF07200E07012927000E66
:10CDB0002A232D4B2E2B0501FE51FF11D8A4E3EFA2
:10CDC000E6F0E5EFE6F0A8EFE6F00601466B000EB0
:10CDD000456F120077C71DF578C71EF5206A000E53
:10CDE0001F6E75C704F576C705F51A0E1F02F3C44A
:10CDF00015F5F4C416F52002F350162615501D241F
:10CE0000176E16501E20186E0B0E1724066E000E9D
:10CE10001820076EB9ECF5F004C519F505C51AF52B
:10CE200006C51BF507C51CF519C50CF51AC50DF58A
:10CE30001BC50EF51CC50FF51A0E1F02F3C415F520
:10CE4000F4C416F52002F3501626800E1524106E39
:10CE5000090E1620116E136A1A0E126E91ECE1F093
:10CE60001F4A202A20BE3EEFE7F0205009E1040EC1
:10CE70001F5CD8A03EEFE7F040EFE7F0F1EFE6F0FF
:10CE800012000BC7BFF40CC7C1F407010DB14BEF83
:10CE9000E7F04EEFE7F0BE804FEFE7F0BE900DC732
:10CEA00006F5D89006320630D8B059EFE7F05CEFBF
:10CEB000E7F0BE825DEFE7F0BE920DC706F5D890B1
:10CEC0000632D89006320630D8B069EFE7F06CEF42
:10CED000E7F0BE846DEFE7F0BE940DC706F5D8907D
:10CEE0000632D8900632D89006320630D8B07BEFA2
:10CEF000E7F07EEFE7F0BE867FEFE7F0BE96BE98E4
:10CF0000C080C090C768C968C09404C5D9F405C57D
:10CF1000DAF4CFC4DFF4044A052A04C5D9F405C500
:10CF2000DAF4D1C4DFF4C084C76AC96A1200216E82
:10CF300006C729F507C72AF521504009226E1EC5EC
:10CF400023F51DC524F51CC525F51BC526F5220EA8
:10CF5000046E050E056E076A050E066E8DECEEF08A
:10CF60000109276E29C508F52AC509F5A6ECF6F0D2
:10CF700029C50EF52AC50FF5116A010E106E32ECA7
:10CF8000F2F029C504F52AC505F5220E066E050E38
:10CF9000076E096A060E086E30ECECF008C715F54E
:10CFA00009C716F5FF0E8AECF4F0286E1FC5D9F4F8
:10CFB00020C5DAF428C5DFF42828D8A4E2EFE7F08A
:10CFC000E4EFE7F0E9EFE7F01C6A010E1B6EECEF0F
:10CFD000E7F01C6A000E1B6E120007014E9FA19E17
:10CFE0004E51D5ECF6F007015A6F4F51D5ECF6F0E3
:10CFF0000701576F5051D5ECF6F00701586F5251A9
:10D00000D5ECF6F0236E2350266E276A07015351A4
:10D01000D5ECF6F0236E2350246E256A0701545197
:10D02000D5ECF6F0236E2350286E296A295009E1C9
:10D03000500E285CD8A01FEFE8F021EFE8F027EFB2
:10D04000E8F06C0E2826070E29222BEFE8F0D00E10
:10D050002826070E292228C515F529C516F524C549
:10D0600017F525C518F526C519F527C51AF553EC8A
:10D07000E0F015C555F716C556F7A18E1200000E43
:10D080000C6E000E0D6E000E0E6E000E0F6E085030
:10D0900009100A100B10D8B450EFE8F052EFE8F086
:10D0A00088EFE8F0010E106E5CEFE8F0D8900836DB
:10D0B00009360A360B36102A0BAE61EFE8F063EF43
:10D0C000E8F056EFE8F0D8900C360D360E360F36F5
:10D0D0000850045C095005580A5006580B50075870
:10D0E000D8A075EFE8F077EFE8F080EFE8F00850AF
:10D0F000045E0950055A0A50065A0B50075A0C8014
:10D10000D8900B320A3209320832102E63EFE8F061
:10D110000CC504F50DC505F50EC506F50FC507F5DB
:10D1200012000BC7BFF40CC7C1F407010DB19BEF90
:10D13000E8F09EEFE8F0BE809FEFE8F0BE900DC7EC
:10D1400006F5D89006320630D8B0A9EFE8F0ACEF7B
:10D15000E8F0BE82ADEFE8F0BE920DC706F5D890BC
:10D160000632D89006320630D8B0B9EFE8F0BCEFFE
:10D17000E8F0BE84BDEFE8F0BE940DC706F5D89088
:10D180000632D8900632D89006320630D8B0CBEFAF
:10D19000E8F0CEEFE8F0BE86CFEFE8F0BE96BE989E
:10D1A000C080C090C09204C5D9F405C5DAF4DF5040
:10D1B000BF6E044A052A04C5D9F405C5DAF4DF5068
:10D1C000C16EC082120020EE01F00450D926055035
:10D1D000DA22DF500C6E040E0C64F1EFE8F0F3EF8E
:10D1E000E8F0F7EFE8F00468056832EFE9F077C798
:10D1F0000AF578C70BF50C501A0DF3C406F5F4C404
:10D2000007F506500A24086E07500B20096E160E0B
:10D210000826000E092220EE12F00450D9260550EF
:10D22000DA2208C5DEF409C5DDF40C501A0D950E9E
:10D23000F324D96E090EF420DA6E10EE0DF00450CE
:10D24000E1260550E222DFC4E7F420EE14F004509A
:10D25000D9260550DA2275C7DEF476C7DDF4056AF3
:10D26000000E046E12006C0EF66EE50EF76E010EE7
:10D27000F86E02EE00F010EE54F00900F5C4EEF482
:10D28000E550E150FAE1E40EF66EEC0EF76E010E99
:10D29000F86E01EEDCF310EE24F00900F5C4EEF4B4
:10D2A000E550E150FAE102EE80F214EEDAF2EE6AB5
:10D2B000E550E150FCE1E250FAE102EE00F2800EAE
:10D2C000EE6AE806FDE102EE00F1E80EEE6AE8061D
:10D2D000FDE102EE54F04D0EEE6AE806FDE101EECE
:10D2E00000F3790EEE6AE806FDE15C6A5B6A5A6A51
:10D2F0000401080E5D6F000E5E6F000E5F6F00018F
:10D300003BEFA0F00001D4A588EFE9F08AEFE9F047
:10D31000B1EFE9F090ECF7F016ECF7F002D89CEFE3
:10D32000E9F00500FA6E07010F51FD6E1051FE6E17
:10D330001151FF6EFA501200070135513611D8B461
:10D34000A4EFE9F0A6EFE9F0ABEFE9F0ECECF7F0D1
:10D35000C280CFEFE9F020ECF6F0DCECF7F099ECCE
:10D36000F7F007013D51D8B4B8EFE9F0BAEFE9F0B2
:10D37000BEEFE9F0EAECF7F007013D6B3C51D8B4A1
:10D38000C4EFE9F0C6EFE9F0CBEFE9F0B4ECF7F069
:10D39000BE8607013C6BECECF7F082EFE9F012007F
:10D3A0000501636B000E626F03ECF2F00009D8B464
:10D3B000DCEFE9F0DEEFE9F0E6EFE9F0D10E4C6EDC
:10D3C000FB0E4D6E5FECF6F018EFEAF0650E4C6E5A
:10D3D000FD0E4D6E5FECF6F0640E046E050E056EEC
:10D3E000D00EDAECF0F0020AD8A4F9EFE9F0FBEF86
:10D3F000E9F003EFEAF0030E4C6EFE0E4D6E5FECAB
:10D40000F6F018EFEAF04A0E4C6EFF0E4D6E5FEC30
:10D41000F6F00EECF5F02A502B10D8A412EFEAF03B
:10D4200014EFEAF018EFEAF00501636B010E626F8A
:10D4300062C560F563C561F51200060120EE14F0C7
:10D440004451D9264551DA22DEC42DF7DDC42EF72A
:10D4500020EE12F04451D9264551DA22DEC446F6B8
:10D46000DDC447F65CEFEAF044C63AF645C63BF643
:10D470006DECC5F006013A513B11D8B442EFEAF029
:10D4800044EFEAF052EFEAF020EE12F04451D926D0
:10D490004551DA224651DE5E4751DD5A44694569FD
:10D4A00069EFEAF04607D8A04707200E07012927B1
:10D4B000000E2A232D4B2E2B060146514711D8A4CE
:10D4C00064EFEAF066EFEAF034EFEAF0456B000E45
:10D4D000446F1200A7900650076E086A07505A5C06
:10D4E00008505B58D8A077EFEAF079EFEAF07EEFCA
:10D4F000EAF006C50BF50C6A82EFEAF05AC50BF5A7
:10D500005BC50CF50BC509F50CC50AF5A4EFEAF0EF
:10D51000000E07013325D96E0A0E3421DA6E04C5D8
:10D52000E1F405C5E2F4DFC4E7F4044A052A010E7C
:10D530003325076E000E3421086E7F0E0714336FFB
:10D54000346B5A06D8A05B060B06D8A00C060B2835
:10D5500006E10C28D8A4AFEFEAF0B1EFEAF088EFCB
:10D56000EAF0A78009C504F50AC505F51200066EA4
:10D57000150EF66EF40EF76E000EF86E0900F550FB
:10D58000065CD8A0C6EFEAF0C8EFEAF0FFEFEAF0D9
:10D59000160EF66EF40EF76E000EF86E06500900C9
:10D5A000F55CD8A0D6EFEAF0D8EFEAF0DDEFEAF0CC
:10D5B000056A010E046E02EFEBF0170EF66EF40E24
:10D5C000F76E000EF86E0900F550065CD8A0EBEF80
:10D5D000EAF0EDEFEAF0FFEFEAF0180EF66EF40E67
:10D5E000F76E000EF86E06500900F55CD8A0FBEF50
:10D5F000EAF0FDEFEAF0FFEFEAF0D8EFEAF0056AB3
:10D60000000E046E12005CA008EFEBF00AEFEBF0E6
:10D6100014EFEBF017C50EF518C50FF515C510F58D
:10D6200016C511F5CEECF4F01ABE1BEFEBF019EFB6
:10D63000EBF01EEFEBF01A6A000E196E1D6A000E79
:10D640001C6E2EEFEBF0066A200E056E15C507F571
:10D6500016C508F58EECE3F01C4A1D2A19501C5C17
:10D660001D50800A1B6E1A50800A1B58D8A03BEF31
:10D67000EBF03DEFEBF023EFEBF05CB042EFEBF0C3
:10D6800044EFEBF04EEFEBF017C50EF518C50FF5B4
:10D6900015C510F516C511F5CEECF4F01200086EA4
:10D6A0000968CFECF7F002019699949D0850FE0BA3
:10D6B0008F6F05288C6F04C58BF2948B9DECF5F071
:10D6C0000009D8A466EFEBF068EFEBF090EFEBF019
:10D6D000096A88EFEBF099AB70EFEBF072EFEBF0CB
:10D6E00088EFEBF006C5D9F407C5DAF4DF508B6F8D
:10D6F000064A072A092A9DECF5F00009D8B483EF01
:10D70000EBF085EFEBF088EFEBF0096890EFEBF0D2
:10D7100002019AAF8EEFEBF090EFEBF06BEFEBF0D6
:10D72000020198BB96EFEBF098EFEBF090EFEBF087
:10D73000095012000501A66B000EA56FD8EFEBF0A3
:10D740009E510701DC250501816F9F510701DD21F5
:10D750000501826FA0510701DE210501836FA151F0
:10D760000701DF210501846F866B000E856F9CC564
:10D7700087F59DC588F5020E8A6F000E896F44EC0F
:10D78000B2F0050181518211D8B4C9EFEBF0CBEFB3
:10D79000EBF0CEEFEBF0010EE4EFEBF0010E9E2785
:10D7A000000E9F23A023A123020E9D27A54BA62B8D
:10D7B000A251A55DA351A659D8A0E1EFEBF0E3EF8C
:10D7C000EBF0A0EFEBF0000E12000501A86B000ECD
:10D7D000A76F23EFECF0A0510701DC250501816F55
:10D7E000A1510701DD210501826FA2510701DE2150
:10D7F0000501836FA3510701DF210501846F866B4B
:10D80000000E856F9EC587F59FC588F5020E8A6F4D
:10D81000000E896FAFECB3F0050181518211D8B4CD
:10D8200014EFECF016EFECF019EFECF0010E2FEF27
:10D83000ECF0010EA027000EA123A223A323020EC9
:10D840009F27A74BA82BA451A75DA551A859D8A0E5
:10D850002CEFECF02EEFECF0EBEFEBF0000E120003
:10D8600006C50CF507C50DF508500910D8A43BEF07
:10D87000ECF03DEFECF03FEFECF078EFECF009501E
:10D880000001836F08C582F00CC5D9F40DC5DAF428
:10D89000DF50816F0C4A0D2A0B6A010E0A6E64EF8D
:10D8A000ECF00CC5D9F40DC5DAF4DF50816F0C4AE9
:10D8B0000D2AB1A05EEFECF060EFECF059EFECF068
:10D8C000000180510A4A0B2A08500A5C09500B5883
:10D8D000D8A06DEFECF06FEFECF051EFECF0B1A0F1
:10D8E00074EFECF076EFECF06FEFECF000018051AC
:10D8F0001200086A076AA3EFECF00D0E0918D8B4FD
:10D9000084EFECF086EFECF0A3EFECF00A0E0918D0
:10D91000D8B48DEFECF08FEFECF0A3EFECF0200E2D
:10D920000918D8A496EFECF098EFECF09AEFECF031
:10D93000A3EFECF008500424D96E000E0520DA6E37
:10D9400009C5DFF4082A072A0704066E06500424D6
:10D95000D96E000E0520DA6EDF50096E0950D8A48A
:10D96000B4EFECF0B6EFECF07DEFECF008500424EF
:10D97000D96E000E0520DA6E09C5DFF41200066EBE
:10D98000096A000E086E06C508F5076A09500F0BF4
:10D99000046E056A030E0426000E052205BEDAEFAA
:10D9A000ECF0055009E1080E045CD8A0DAEFECF0C9
:10D9B000DCEFECF0DEEFECF0030E09260950F00B83
:10D9C000046E056A300E0426000E052205BEF2EF35
:10D9D000ECF0055009E1800E045CD8A0F2EFECF009
:10D9E000F4EFECF0F6EFECF0300E0926D8900836A4
:10D9F0000936072A070E076400EFEDF002EFEDF09D
:10DA0000C6EFECF0095012000701246B000E236FE3
:10DA100024BF14EFEDF0245109E1140E235DD8A0CA
:10DA200014EFEDF016EFEDF01EEFEDF04F0E4C6E33
:10DA3000FE0E4D6E5FECF6F01CEFEDF00501696B2C
:10DA4000000E686F6B6B020E6A6F6D6B640E6C6F0D
:10DA500037ECB6F0050168516911D8A432EFEDF04A
:10DA600034EFEDF036EFEDF047EFEDF0110E05017C
:10DA7000796F3C0E786FCB0EE82EFED7782FFCD74F
:10DA8000792FFAD70701234B242B08EFEDF0120072
:10DA900004C5F6F405C5F7F4000EF86E3F0EF76402
:10DAA00003D00800F55005D0F6C4E9F4F7C4EAF451
:10DAB000EF500618D8A45FEFEDF061EFEDF067EFDF
:10DAC000EDF004C504F505C505F58AEFEDF0045049
:10DAD000086E0550096E044A052A08C5F6F409C502
:10DAE000F7F4000EF86E3F0EF76403D00800F5500F
:10DAF00005D0F6C4E9F4F7C4EAF4EF500009D8A45D
:10DB000084EFEDF086EFEDF048EFEDF0000E046EDF
:10DB1000000E056E12000E6A000E0D6E030E091443
:10DB20000B6E000E0A140C6E0B500C10D8A49BEF59
:10DB3000EDF09DEFEDF0B2EFEDF009C504F50AC58B
:10DB400005F5076A640E066E71ECF1F004500510DD
:10DB5000D8B4ADEFEDF0AFEFEDF0B2EFEDF00E6A4F
:10DB6000010E0D6E09C504F50AC505F5010E076E17
:10DB7000900E066E71ECF1F004500510D8A4C3EFBE
:10DB8000EDF0C5EFEDF0C8EFEDF00E6A010E0D6E91
:10DB90000DC509F50EC50AF51200080E0001B16F9A
:10DBA0000401006B086B106B186B2091209320957B
:10DBB000C280CA90019BC68A1191C090C890096921
:10DBC000BF6AC76A1969C16AC96A0181BE80C69005
:10DBD0000183BE82C692119D0201176BC09CC89C36
:10DBE00004012193C282CA920189BE88C698018528
:10DBF000BE84C6941183C082C8921185C084C89423
:10DC00002185C284CA94119FC08EC89E0197BE967A
:10DC1000C696118BC08AC88A12001A0E0D24046E93
:10DC2000000E0E20056E81ECF5F004C513F505C558
:10DC300014F5156A166A0BC5D9F40CC5DAF4030E8F
:10DC4000DE18D8A426EFEEF028EFEEF044EFEEF069
:10DC5000140E0D24046E000E0E20056E81ECF5F0FE
:10DC600004500F6E0550106E116A126A10C512F53D
:10DC70000FC511F5106A0F6A0F50131210501412CD
:10DC8000115015121250161213C50BF514C50CF5D0
:10DC900015C50DF516C50EF512007DC560F57EC5DE
:10DCA00061F57FC562F580C563F581C564F582C500
:10DCB00065F539ECD0F00501876B7FC583F580C52C
:10DCC00084F5866B000E856F70EFEEF083C5D9F496
:10DCD00084C5DAF4DF508727834B842B854B862B52
:10DCE0008151855D82518659D8A079EFEEF07BEFA6
:10DCF000EEF066EFEEF0A10E4C6EFB0E4D6E7DC5A4
:10DD00004EF57EC54FF56E0E506EFB0E516E87C5FB
:10DD100052F5536A5FECF6F012000C6A04C50DF57B
:10DD200005C50EF506500D24086E07500E20096E2D
:10DD3000C0EFEEF00DC5D9F40EC5DAF4DF500C1AC1
:10DD40000D4A0E2A0B6A000E0A6E0CAEAAEFEEF018
:10DD5000ACEFEEF0AEEFEEF0890E0C1AD8900C3668
:10DD60000A4A0B2A0BBEBEEFEEF00B5009E1080E7B
:10DD70000A5CD8A0BEEFEEF0C0EFEEF0A5EFEEF03B
:10DD800008500D5C09500E58D8A0C9EFEEF0CBEF4B
:10DD9000EEF09AEFEEF00C501200336E06C734F539
:10DDA00007C735F52FC538F530C539F52BC51BF537
:10DDB0002CC51CF52DC51DF52EC51EF538C51FF546
:10DDC00039C520F5335097ECE7F01BC536F51CC577
:10DDD00037F536503710D8B4F0EFEEF0F2EFEEF042
:10DDE000F6EFEEF04BECF6F00AEFEFF034C504F589
:10DDF00035C505F5010E3824066E000E3920076E74
:10DE0000FF0E3124086EFF0E3220096E51ECACF08B
:06DE10004BECF6F01200DD
:10DE1800B19E0701392B640E3919D8A416EFEFF01B
:10DE280018EFEFF03DEFEFF0396B5A2B3C0E5A1913
:10DE3800D8A421EFEFF023EFEFF03CEFEFF05A6BAF
:10DE4800572B3C0E5719D8A42CEFEFF02EEFEFF01C
:10DE58003CEFEFF0576B582B180E5819D8A437EF32
:10DE6800EFF039EFEFF03CEFEFF0586B554B562BD6
:10DE7800596B25512611D8B444EFEFF046EFEFF077
:10DE880048EFEFF0010E3C6F11000701396B400EAF
:10DE9800566FCC0E556F576B586B5A6B596B55C7ED
:10DEA8000FF556C710F5210E116E050E126E230ED2
:10DEB800136E050E146E250E156E050E166EF9EC12
:10DEC800D5F007015A51BFECECF007014E6F5751DE
:10DED800BFECECF007014F6F5851BFECECF00701B5
:10DEE800506F2550BFECECF00701526F2350BFEC88
:10DEF800ECF00701536F2150BFECECF00701546FB1
:10DF080012008BEFEFF0044A052A064A072A04C5D7
:10DF1800D9F405C5DAF4DF50086E06C5F6F407C56E
:10DF2800F7F4000EF86E0800F5500818D8A49FEF13
:10DF3800EFF0A1EFEFF0ADEFEFF004C5D9F405C5B0
:10DF4800DAF4DF50D8A4ABEFEFF0ADEFEFF087EFE6
:10DF5800EFF004C5D9F405C5DAF4DF50086E06C53C
:10DF6800F6F407C5F7F4000EF86E0800F550085CE3
:10DF7800046E056AD8A0050612000701456B030E5A
:10DF88004665C9EFEFF0CBEFEFF0CFEFEFF00468A5
:10DF98000568FAEFEFF04651040D340EF324D96EFC
:10DFA800080EF420DA6EDE50DE10D8A4DEEFEFF0B3
:10DFB800E0EFEFF0E2EFEFF0CBEFEFF04651040DBA
:10DFC800340EF324D96E080EF420DA6E4851DE5C64
:10DFD8004951DE58D8B0F3EFEFF0F5EFEFF0F7EF77
:10DFE800EFF0CBEFEFF0056A000E046E12000B6A3B
:10DFF800000E0A6E0D6A000E0C6E1BEFF0F0D89042
:10E008000C34F66E0D34F76EFD0EF626F30EF7227D
:10E01800F86A000EF8220900F5C408F50900F5C4ED
:10E0280009F508500A2609500B220C4A0D2AFF0E42
:10E038000424086EFF0E0520096E08500C5C095078
:10E048000D58D8A02AEFF0F02CEFF0F003EFF0F025
:10E0580006500A2607500B220AC504F50BC505F51C
:02E068001200A4
:10E06C00C7C203F5110E07013A19D8A440EFF0F01E
:10E07C0042EFF0F04DEFF0F0110E0318D8A449EF79
:10E08C00F0F04BEFF0F04DEFF0F0010E3D6F5B5008
:10E09C0007E1800E5A5CD8B056EFF0F058EFF0F074
:10E0AC006EEFF0F003C53AF7000E3125D96E0A0E6B
:10E0BC003221DA6E03C5DFF4010E3125016E000E3C
:10E0CC003221026E7F0E0114316F326B5A4A5B2A79
:10E0DC00110004C5D9F405C5DAF406C5DFF4044A09
:10E0EC00052A07C506F508C507F509C508F5096A27
:10E0FC0004C5D9F405C5DAF406C5DFF4044A052ACB
:10E10C0007C506F508C507F509C508F5096A04C56C
:10E11C00D9F405C5DAF406C5DFF4044A052A07C5A7
:10E12C0006F508C507F509C508F5096A04C5D9F44B
:10E13C0005C5DAF406C5DFF4044A052A1200000E00
:10E14C000C6E000E0D6E000E0E6E000E0F6E04A007
:10E15C00B2EFF0F0B4EFF0F0BCEFF0F008500C269A
:10E16C0009500D220A500E220B500F22D89008365F
:10E17C0009360A360B36D89007320632053204328D
:10E18C000450051006100710D8A4CFEFF0F0D1EF13
:10E19C00F0F0ADEFF0F00CC504F50DC505F50EC5AE
:10E1AC0006F50FC507F51200066ECFECF7F002016D
:10E1BC009699949D065001098F6F010E8C6F948B6C
:10E1CC009DECF5F00009D8B4EEEFF0F0F0EFF0F0C4
:10E1DC00F4EFF0F0020E076E03EFF1F0020199A1DB
:10E1EC00FAEFF0F0FCEFF0F0F4EFF0F004C5D9F436
:10E1FC0005C5DAF48AC2DFF4076A020198BB09EF9D
:10E20C00F1F00BEFF1F003EFF1F00750120055C7EE
:10E21C000FF556C710F5210E116E050E126E230E5A
:10E22C00136E050E146E250E156E050E166EF9EC9A
:10E23C00D5F007015A51BFECECF007014E6F575166
:10E24C00BFECECF007014F6F5851BFECECF007013D
:10E25C00506F2550BFECECF00701526F2350BFEC10
:10E26C00ECF00701536F2150BFECECF00701546F39
:10E27C0012000501636F010E0501646F57EFF1F099
:10E28C00646B6EEFF1F0420E4C6EF60E4D6E63C584
:10E29C004EF54F6A60C550F5516A5FECF6F06EEFC3
:10E2AC00F1F06051000AD8B446EFF1F0010AD8B48D
:10E2BC0049EFF1F0030AD8B449EFF1F0010AD8B4F0
:10E2CC0049EFF1F0070AD8B449EFF1F049EFF1F05A
:10E2DC0005016451120006500710D8B478EFF1F024
:10E2EC007AEFF1F09EEFF1F0010E086E82EFF1F093
:10E2FC00D89006360736082A07AE87EFF1F089EF7B
:10E30C00F1F07EEFF1F00650045C07500558D8A0F0
:10E31C0092EFF1F094EFF1F098EFF1F00650045E0B
:10E32C000750055AD89007320632082E89EFF1F0C3
:10E33C0004C504F505C505F5120007C504F508C5A7
:10E34C0005F5D5ECF5F004500510D8B4B0EFF1F0AC
:10E35C00B2EFF1F0BCEFF1F007C504F508C505F517
:10E36C0022ECF7F007680868D3EFF1F020EE0EF01E
:10E37C000750D9260850DA22DEC42BF7DDC42CF75F
:10E38C0020EE10F00750D9260850DA22DEC429F707
:10E39C00DDC42AF7086A000E076E12000701375118
:10E3AC003811D8A4DCEFF1F0DEEFF1F0F1EFF1F081
:10E3BC00C60E4C6EFF0E4D6EFB0E4E6EF80E4F6E73
:10E3CC005FECF6F09C0E0701126FB20E136F010E8C
:10E3DC00146F02EFF2F0C60E4C6EFF0E4D6EC60EB1
:10E3EC004E6EF60E4F6E5FECF6F0360E0701126FA6
:10E3FC00710E136F010E146F120011EFF2F0090E73
:10E40C00056E1E0E046EE40EE82EFED7042EFCD70D
:10E41C00052EFAD700D0D0A616EFF2F018EFF2F0D6
:10E42C0005EFF2F0D0A81DEFF2F01FEFF2F005EFC0
:10E43C00F2F0D0A624EFF2F026EFF2F02DEFF2F08E
:10E44C00D0B82BEFF2F02DEFF2F030EFF2F0010E2E
:10E45C0031EFF2F0000E120014680EC504F50FC572
:10E46C0005F5E0ECF2F0136A000E126E4DEFF2F0CF
:10E47C000EC504F50FC505F5140E066E050E076ED8
:10E48C00096A010E086E30ECECF0124A132A105097
:10E49C00125C11501358D8A056EFF2F058EFF2F06E
:10E4AC003EEFF2F00EC504F50FC505F5EFECF4F0F8
:10E4BC001200126A000E116E070E146EBC0E136E53
:10E4CC007BEFF2F013C509F514C50AF58BECEDF0F2
:10E4DC0009500A10D8B475EFF2F077EFF2F079EF3B
:10E4EC00F2F0114A122A134A142A13500F5C1450DA
:10E4FC001058D8B084EFF2F086EFF2F068EFF2F03B
:10E50C0011C50FF512C510F51200D0C5C5F5D1C552
:10E51C00C6F5EFECBCF00501D46FD451D8A499EF3B
:10E52C00F2F09BEFF2F0B5EFF2F0D0C561F5D1C58A
:10E53C0062F5D20E636F050E646FDBECDAF0050149
:10E54C00D46FD451D8A4ADEFF2F0AFEFF2F0B5EF39
:10E55C00F2F0D0C5D9F4D1C5DAF4DE6ADD6A120066
:10E56C00F0FF7107A9FF7307EFFE6F07E4FE6D075D
:10E57C006FFF6B0766FF69079AFF670792FF6507D6
:10E58C000EFF630722FF750718FF7707F4FF5F077D
:10E59C00D9FF61071A0000001A000000800000007B
:10E5AC0080000000644000003FFDF3FD52FDAEFD15
:10E5BC00E2FD31FE04C506F505C507F520EE02F0B7
:10E5CC000650D9260750DA22DF50D8A4F0EFF2F02B
:10E5DC00F2EFF2F002EFF3F0310E02010A6F320E9D
:10E5EC00096F20EE03F00650D9260750DA22C7C473
:10E5FC00DFF4C790C792C78420EE02F00650D926EC
:10E60C000750DA22DF2A120004C506F505C507F506
:10E61C0012EFF3F0044A052A04C5F6F405C5F7F425
:10E62C00000EF86E3F0EF76403D00800F55005D0CD
:10E63C00F6C4E9F4F7C4EAF4EF500009D8A429EFC2
:10E64C00F3F02BEFF3F010EFF3F00650045C046ED4
:10E65C0007500558056E120006C50DF507C50EF5D9
:10E66C0004C50BF505C50CF54CEFF3F00DC5D9F44D
:10E67C000EC5DAF4DF500A6E0D4A0E2A0BC5D9F41A
:10E68C000CC5DAF40AC5DFF40B4A0C2A0806D8A02C
:10E69C000906082806E10928D8A457EFF3F059EF2A
:10E6AC00F3F03CEFF3F0120046C54AF547C54BF5C5
:10E6BC006EEFF3F044C532F545C533F54A0E346EB2
:10E6CC00050E356E48C536F549C537F5CFEC98F0D3
:10E6DC004AC5F6F44BC5F7F4000EF86E0800F55079
:10E6EC000009D8A47CEFF3F07EEFF3F060EFF3F0C9
:10E6FC00456A000E446E1200080E0601A26F130E3E
:10E70C00A36FD40EA46FFF0EA56F010EA66F5BEC6A
:10E71C00DBF00009D8B495EFF3F097EFF3F0A4EF2A
:10E72C00F3F03B0E4C6EFA0E4D6E5FECF6F0FF0EF6
:10E73C000601AF6FFE0EAE6FA8EFF3F00601AF6BE4
:10E74C00000EAE6F120077C708F578C709F520EEFA
:10E75C000DF00450D9260550DA22040EDF6E030E9C
:10E76C000824066E000E0920076E20EE12F00450ED
:10E77C00D9260550DA2206C5DEF407C5DDF420EEF5
:10E78C0014F00450D9260550DA2275C7DEF476C78A
:10E79C00DDF41200500E0501606F050E616F4CC563
:10E7AC0062F54DC563F5656B000E646F6C6B000E06
:10E7BC006B6F620E446E050E456E4EC546F54FC529
:10E7CC0047F5600E486E050E496E5AECF3F00501E4
:10E7DC0064514C24D96E65514D20DA6EDF6A1200FB
:10E7EC001A0E0A24046E000E0B20056E0CC506F5DD
:10E7FC000DC507F537ECF6F008C5D9F409C5DAF400
:10E80C00030EDE18D8A40DEFF4F00FEFF4F01BEFAD
:10E81C00F4F0140E0A24046E000E0B20056E0EC5C7
:10E82C0006F50FC507F537ECF6F012008C0E4C6EA2
:10E83C00F40E4D6E5FECF6F03D0E4C6EFB0E4D6E15
:10E84C005FECF6F0110E0501616F3C0E606FCB0EA4
:10E85C00E82EFED7602FFCD7612FFAD7240E4C6E12
:10E86C00FB0E4D6E5FECF6F08C0E4C6EF40E4D6E96
:10E87C005FECF6F012005A505B10D8B448EFF4F08D
:10E88C004AEFF4F041EFF4F0D69E000E0701332569
:10E89C00D96E0A0E3421DA6EDF50086E010E332564
:10E8AC00066E000E3421076E7F0E0614336F346B28
:10E8BC005A06D8A05B06D68E08C504F5056A120068
:10E8CC00C768C968C680C682C884C882C684C68820
:10E8DC00550E0401596FAA0E596F5991080E5D6FB0
:10E8EC00000E5E6F000E5F6F550E596FAA0E596FBA
:10E8FC005981B4ECF7F0DCECF7F0EEECF7F0C090EB
:10E90C00C880C292C2901200176E06C718F507C7CE
:10E91C0019F518C512F519C513F596ECF6F01A6E23
:10E92C0017501A18D8A49DEFF4F09FEFF4F0ABEF4A
:10E93C00F4F01506D8A0160615501610D8A4A9EF99
:10E94C00F4F0ABEFF4F08FEFF4F01A501200050175
:10E95C00606F05016051D8B4B6EFF4F0B8EFF4F085
:10E96C00BBEFF4F0020ECDEFF4F00701DC290AE165
:10E97C00DD2908E1DE2906E1DF29D8A4C8EFF4F08F
:10E98C00CAEFF4F0CCEFF4F0B8EFF4F0000E120094
:10E99C00146A000E136EDEEFF4F012C505F5066A6C
:10E9AC0010C507F511C508F58EECE3F0134A142ACF
:10E9BC0013500E24D96E14500F20DA6EDF50126EE5
:10E9CC001250D8A4ECEFF4F0EEEFF4F0D3EFF4F037
:10E9DC00120004C506F505C507F520EE02F0065039
:10E9EC00D9260750DA22DF06DF50D8A400EFF5F065
:10E9FC0002EFF5F00DEFF5F002010A6B096B20EE5A
:10EA0C0003F00650D9260750DA22DF50C76E1200E9
:10EA1C00000E046E070E056E4E0E066E070E076E88
:10EA2C00D00EBFECE0F0FF0AD8A41FEFF5F021EFF9
:10EA3C00F5F026EFF5F02B6A010E2A6E2BEFF5F0B0
:10EA4C00EDECE7F02B6A000E2A6E12000001B38B7E
:10EA5C00C098C096C898C896040111891187380EC1
:10EA6C000201156F140E706F370E146F130E716F49
:10EA7C00180E0401126F010E0201866F010E876FD2
:10EA8C0084ECF6F012006CC561F56DC562F56E0E86
:10EA9C000501636F050E646FDBECDAF00501706F36
:10EAAC007051D8A45CEFF5F05EEFF5F064EFF5F083
:10EABC006CC5D9F46DC5DAF4DE6ADD6A120004C5E2
:10EACC000AF505C50BF573EFF5F00AC5D9F40BC5BE
:10EADC00DAF406C5DFF40A4A0B2A0806D8A00906A0
:10EAEC00082806E10928D8A47EEFF5F080EFF5F0B0
:10EAFC006BEFF5F0120020EE01F00450D926055012
:10EB0C00DA22DF50066E0650096E0A6A04C5D9F483
:10EB1C0005C5DAF4DF50066E0950076E0650096E13
:10EB2C0007C50AF509C504F50AC505F51200020169
:10EB3C0095A9A3EFF5F0A5EFF5F09DEFF5F095B9DC
:10EB4C00AAEFF5F0ACEFF5F0A5EFF5F095ABB1EF62
:10EB5C00F5F0B3EFF5F0B7EFF5F09985FF0EB8EFE0
:10EB6C00F5F0000E12000450086E0550096E0A6A8A
:10EB7C000B6A040ED890083609360A360B36E82E86
:10EB8C00C0EFF5F006500824046E07500920056EFE
:10EB9C00000E0A20066E000E0B20076E120020EEEF
:10EBAC0001F00450D9260550DA22DF50066E030E10
:10EBBC000664E3EFF5F0E5EFF5F0E9EFF5F0046846
:10EBCC000568EEEFF5F006C53BF7056A000E046E1E
:10EBDC0012000FBEF4EFF5F0F6EFF5F0FCEFF5F0E8
:10EBEC000EC50EF50FC50FF508EFF6F00EC510F5B6
:10EBFC000FC511F5101E111E104A112A10C50EF565
:10EC0C0011C50FF5120004C506F505C507F520EE74
:10EC1C0002F00650D9260750DA22DF6A0001846B15
:10EC2C00856B090E02016A6F0A0E6B6FCA940001A4
:10EC3C00848F1200BE84C09007013C51D8A429EFE8
:10EC4C00F6F02CEFF6F0BE862DEFF6F0BE96C76808
:10EC5C00C968C680C682C880C884C882C684C68873
:10EC6C00120004C5D9F405C5DAF406C5DFF4044A6C
:10EC7C00052A0750066E076A04C5D9F405C5DAF4EF
:10EC8C0006C5DFF4044A052A120006C715F507C7A6
:10EC9C0016F515C508F516C509F5B6ECF6F015C54B
:10ECAC000EF516C50FF5116A010E106E32ECF2F06E
:10ECBC0012004E0E586E050E596E000E446E000E6C
:10ECCC00456E4CC546F54DC547F5580E486E050EBC
:10ECDC00496E5AECF3F01200FFFFFFFF9D08A5FAF6
:10ECEC006AFEC1FECDFE5DFE77FE40FFB0FF81FFE8
:10ECFC0084FE36FF78FF2CFFC6F6FBF802019985DF
:10ED0C009451F80B0409946F958F959DFC0E9617F2
:10ED1C00969B030E9E6F9B6B9A6B948F8D6B120060
:10ED2C00146812C504F513C505F5140E066E050E10
:10ED3C00076E096A010E086E51ECACF0145012000B
:10ED4C0008C504F509C505F5E0ECF2F008C504F5B5
:10ED5C0009C505F5076A010E066E0AECF7F01200FC
:10ED6C0008C504F509C505F5076A000E066E0AEC20
:10ED7C00F7F008C504F509C505F5EFECF4F0120041
:10ED8C00046EB7B2CCEFF6F0CEEFF6F0D1EFF6F0B2
:10ED9C00010ED4EFF6F004C5C9F2000E1200066E97
:10EDAC0006C504F50F0E041606380F0B0F0B0A0DD3
:0AEDBC00F3500424056E0550120008
:10EDC800B79AC76A73C7BFF4D0AAEDEFF6F0EFEFB2
:10EDD800F6F0E8EFF6F0C768BE96110007013B6B46
:10EDE8002C6B000E2B6F2A6B000E296F306B000EF8
:10EDF8002F6F12000701326B000E316F346B000E5B
:10EE0800336F5B6A000E5A6EA78012000650071017
:10EE1800D8B411EFF7F014EFF7F0C28415EFF7F05C
:10EE2800C2941200C76AC96AC690C692C894C892AA
:10EE3800BE84C694C090C890C698120020EE03F015
:10EE48000450D9260550DA22010EDE6E810EDD6EE1
:10EE5800120020EE03F00450D9260550DA220A0EDB
:10EE6800DE6E810EDD6E120020EE03F00450D9260E
:10EE78000550DA220B0EDE6E810EDD6E120020EEDA
:10EE880003F00450D9260550DA22040EDE6E810EF6
:10EE9800DD6E120020EE03F00450D9260550DA2268
:10EEA800070EDE6E810EDD6E120020EE03F00450B8
:10EEB800D9260550DA22020EDE6E810EDD6E1200B2
:10EEC80020EE03F00450D9260550DA22000EDE6E3B
:10EED800010EDD6E120020EE03F00450D926055015
:10EEE800DA22030EDE6E810EDD6E120020EE03F0D4
:10EEF8000450D9260550DA22000EDE6E030EDD6EB0
:10EF08001200046EB7A28BEFF7F08DEFF7F086EFE3
:10EF1800F7F004C5C9F21200C282CEAA96EFF7F044
:10EF280098EFF7F091EFF7F01200C292CEBA9FEF88
:10EF3800F7F0A1EFF7F09AEFF7F0120020EE0EF0DD
:10EF48000450D9260550DA22010EDF6E1200000E99
:10EF5800046E000E056E210E066E000E076E12007E
:10EF6800030E0001D56FD785D795020ED56F120015
:10EF780006C504F507C505F559ECF7F0120006C5F6
:10EF880004F507C505F559ECF7F01200020E056EF9
:10EF9800000E046E12000201976B9A6B998512009D
:10EFA80007013E6B446B1200D68EB19EA18E1200F3
:10EFB8000001D785D7951200010E07013F6F120097
:10EFC800B79AA78A1200B79AA79A1200C08C1200A3
:0AEFD800C09C1200BE96120011004A
:020000040030CA
:100000008C2FFFF79FFFFFFFFFFFFFFFFFFFFFFFAB
:10001000FFFFFFFFFFFFFFFFFFFFFFFFFFFFFFFFF0
:03002000FFFFFFE0
:00000001FF
